,image,lm,case_id
0,/s/fran_storage/datasets/preprocessed/fixed_spacing/litsmc/spc_080_080_150/images/litqsmall_00034.pt,/s/fran_storage/datasets/preprocessed/fixed_spacing/litsmc/spc_080_080_150/lms/litqsmall_00034.pt,litqsmall_00034
1,/s/fran_storage/datasets/preprocessed/fixed_spacing/litsmc/spc_080_080_150/images/drli_020.pt,/s/fran_storage/datasets/preprocessed/fixed_spacing/litsmc/spc_080_080_150/lms/drli_020.pt,drli_020
2,/s/fran_storage/datasets/preprocessed/fixed_spacing/litsmc/spc_080_080_150/images/drli_012.pt,/s/fran_storage/datasets/preprocessed/fixed_spacing/litsmc/spc_080_080_150/lms/drli_012.pt,drli_012
3,/s/fran_storage/datasets/preprocessed/fixed_spacing/litsmc/spc_080_080_150/images/litq_15_20190809.pt,/s/fran_storage/datasets/preprocessed/fixed_spacing/litsmc/spc_080_080_150/lms/litq_15_20190809.pt,litq_15
4,/s/fran_storage/datasets/preprocessed/fixed_spacing/litsmc/spc_080_080_150/images/drli_002.pt,/s/fran_storage/datasets/preprocessed/fixed_spacing/litsmc/spc_080_080_150/lms/drli_002.pt,drli_002
5,/s/fran_storage/datasets/preprocessed/fixed_spacing/litsmc/spc_080_080_150/images/lits_52.pt,/s/fran_storage/datasets/preprocessed/fixed_spacing/litsmc/spc_080_080_150/lms/lits_52.pt,lits_52
6,/s/fran_storage/datasets/preprocessed/fixed_spacing/litsmc/spc_080_080_150/images/lits_13.pt,/s/fran_storage/datasets/preprocessed/fixed_spacing/litsmc/spc_080_080_150/lms/lits_13.pt,lits_13
7,/s/fran_storage/datasets/preprocessed/fixed_spacing/litsmc/spc_080_080_150/images/lits_98.pt,/s/fran_storage/datasets/preprocessed/fixed_spacing/litsmc/spc_080_080_150/lms/lits_98.pt,lits_98
8,/s/fran_storage/datasets/preprocessed/fixed_spacing/litsmc/spc_080_080_150/images/drli_016.pt,/s/fran_storage/datasets/preprocessed/fixed_spacing/litsmc/spc_080_080_150/lms/drli_016.pt,drli_016
9,/s/fran_storage/datasets/preprocessed/fixed_spacing/litsmc/spc_080_080_150/images/lits_69.pt,/s/fran_storage/datasets/preprocessed/fixed_spacing/litsmc/spc_080_080_150/lms/lits_69.pt,lits_69
10,/s/fran_storage/datasets/preprocessed/fixed_spacing/litsmc/spc_080_080_150/images/lits_55.pt,/s/fran_storage/datasets/preprocessed/fixed_spacing/litsmc/spc_080_080_150/lms/lits_55.pt,lits_55
11,/s/fran_storage/datasets/preprocessed/fixed_spacing/litsmc/spc_080_080_150/images/lits_23.pt,/s/fran_storage/datasets/preprocessed/fixed_spacing/litsmc/spc_080_080_150/lms/lits_23.pt,lits_23
12,/s/fran_storage/datasets/preprocessed/fixed_spacing/litsmc/spc_080_080_150/images/lits_67.pt,/s/fran_storage/datasets/preprocessed/fixed_spacing/litsmc/spc_080_080_150/lms/lits_67.pt,lits_67
13,/s/fran_storage/datasets/preprocessed/fixed_spacing/litsmc/spc_080_080_150/images/drli_075.pt,/s/fran_storage/datasets/preprocessed/fixed_spacing/litsmc/spc_080_080_150/lms/drli_075.pt,drli_075
14,/s/fran_storage/datasets/preprocessed/fixed_spacing/litsmc/spc_080_080_150/images/lits_10ub.pt,/s/fran_storage/datasets/preprocessed/fixed_spacing/litsmc/spc_080_080_150/lms/lits_10ub.pt,lits_10ub
15,/s/fran_storage/datasets/preprocessed/fixed_spacing/litsmc/spc_080_080_150/images/lits_12.pt,/s/fran_storage/datasets/preprocessed/fixed_spacing/litsmc/spc_080_080_150/lms/lits_12.pt,lits_12
16,/s/fran_storage/datasets/preprocessed/fixed_spacing/litsmc/spc_080_080_150/images/drli_060.pt,/s/fran_storage/datasets/preprocessed/fixed_spacing/litsmc/spc_080_080_150/lms/drli_060.pt,drli_060
17,/s/fran_storage/datasets/preprocessed/fixed_spacing/litsmc/spc_080_080_150/images/drli_047.pt,/s/fran_storage/datasets/preprocessed/fixed_spacing/litsmc/spc_080_080_150/lms/drli_047.pt,drli_047
18,/s/fran_storage/datasets/preprocessed/fixed_spacing/litsmc/spc_080_080_150/images/drli_024.pt,/s/fran_storage/datasets/preprocessed/fixed_spacing/litsmc/spc_080_080_150/lms/drli_024.pt,drli_024
19,/s/fran_storage/datasets/preprocessed/fixed_spacing/litsmc/spc_080_080_150/images/lits_17.pt,/s/fran_storage/datasets/preprocessed/fixed_spacing/litsmc/spc_080_080_150/lms/lits_17.pt,lits_17
20,/s/fran_storage/datasets/preprocessed/fixed_spacing/litsmc/spc_080_080_150/images/litqsmall_00030.pt,/s/fran_storage/datasets/preprocessed/fixed_spacing/litsmc/spc_080_080_150/lms/litqsmall_00030.pt,litqsmall_00030
21,/s/fran_storage/datasets/preprocessed/fixed_spacing/litsmc/spc_080_080_150/images/lits_2.pt,/s/fran_storage/datasets/preprocessed/fixed_spacing/litsmc/spc_080_080_150/lms/lits_2.pt,lits_2
22,/s/fran_storage/datasets/preprocessed/fixed_spacing/litsmc/spc_080_080_150/images/litqsmall_00033.pt,/s/fran_storage/datasets/preprocessed/fixed_spacing/litsmc/spc_080_080_150/lms/litqsmall_00033.pt,litqsmall_00033
23,/s/fran_storage/datasets/preprocessed/fixed_spacing/litsmc/spc_080_080_150/images/litqsmall_00007.pt,/s/fran_storage/datasets/preprocessed/fixed_spacing/litsmc/spc_080_080_150/lms/litqsmall_00007.pt,litqsmall_00007
24,/s/fran_storage/datasets/preprocessed/fixed_spacing/litsmc/spc_080_080_150/images/drli_054.pt,/s/fran_storage/datasets/preprocessed/fixed_spacing/litsmc/spc_080_080_150/lms/drli_054.pt,drli_054
25,/s/fran_storage/datasets/preprocessed/fixed_spacing/litsmc/spc_080_080_150/images/lits_21.pt,/s/fran_storage/datasets/preprocessed/fixed_spacing/litsmc/spc_080_080_150/lms/lits_21.pt,lits_21
26,/s/fran_storage/datasets/preprocessed/fixed_spacing/litsmc/spc_080_080_150/images/lits_36ub.pt,/s/fran_storage/datasets/preprocessed/fixed_spacing/litsmc/spc_080_080_150/lms/lits_36ub.pt,lits_36ub
27,/s/fran_storage/datasets/preprocessed/fixed_spacing/litsmc/spc_080_080_150/images/drli_048.pt,/s/fran_storage/datasets/preprocessed/fixed_spacing/litsmc/spc_080_080_150/lms/drli_048.pt,drli_048
28,/s/fran_storage/datasets/preprocessed/fixed_spacing/litsmc/spc_080_080_150/images/litqsmall_00042.pt,/s/fran_storage/datasets/preprocessed/fixed_spacing/litsmc/spc_080_080_150/lms/litqsmall_00042.pt,litqsmall_00042
29,/s/fran_storage/datasets/preprocessed/fixed_spacing/litsmc/spc_080_080_150/images/litq_41_20210112.pt,/s/fran_storage/datasets/preprocessed/fixed_spacing/litsmc/spc_080_080_150/lms/litq_41_20210112.pt,litq_41
30,/s/fran_storage/datasets/preprocessed/fixed_spacing/litsmc/spc_080_080_150/images/lits_46.pt,/s/fran_storage/datasets/preprocessed/fixed_spacing/litsmc/spc_080_080_150/lms/lits_46.pt,lits_46
31,/s/fran_storage/datasets/preprocessed/fixed_spacing/litsmc/spc_080_080_150/images/drli_044.pt,/s/fran_storage/datasets/preprocessed/fixed_spacing/litsmc/spc_080_080_150/lms/drli_044.pt,drli_044
32,/s/fran_storage/datasets/preprocessed/fixed_spacing/litsmc/spc_080_080_150/images/litqsmall_00045.pt,/s/fran_storage/datasets/preprocessed/fixed_spacing/litsmc/spc_080_080_150/lms/litqsmall_00045.pt,litqsmall_00045
33,/s/fran_storage/datasets/preprocessed/fixed_spacing/litsmc/spc_080_080_150/images/lits_29.pt,/s/fran_storage/datasets/preprocessed/fixed_spacing/litsmc/spc_080_080_150/lms/lits_29.pt,lits_29
34,/s/fran_storage/datasets/preprocessed/fixed_spacing/litsmc/spc_080_080_150/images/drli_046.pt,/s/fran_storage/datasets/preprocessed/fixed_spacing/litsmc/spc_080_080_150/lms/drli_046.pt,drli_046
35,/s/fran_storage/datasets/preprocessed/fixed_spacing/litsmc/spc_080_080_150/images/drli_055.pt,/s/fran_storage/datasets/preprocessed/fixed_spacing/litsmc/spc_080_080_150/lms/drli_055.pt,drli_055
36,/s/fran_storage/datasets/preprocessed/fixed_spacing/litsmc/spc_080_080_150/images/drli_031.pt,/s/fran_storage/datasets/preprocessed/fixed_spacing/litsmc/spc_080_080_150/lms/drli_031.pt,drli_031
37,/s/fran_storage/datasets/preprocessed/fixed_spacing/litsmc/spc_080_080_150/images/litqsmall_00002.pt,/s/fran_storage/datasets/preprocessed/fixed_spacing/litsmc/spc_080_080_150/lms/litqsmall_00002.pt,litqsmall_00002
38,/s/fran_storage/datasets/preprocessed/fixed_spacing/litsmc/spc_080_080_150/images/litq_11_20190927.pt,/s/fran_storage/datasets/preprocessed/fixed_spacing/litsmc/spc_080_080_150/lms/litq_11_20190927.pt,litq_11
39,/s/fran_storage/datasets/preprocessed/fixed_spacing/litsmc/spc_080_080_150/images/lits_78.pt,/s/fran_storage/datasets/preprocessed/fixed_spacing/litsmc/spc_080_080_150/lms/lits_78.pt,lits_78
40,/s/fran_storage/datasets/preprocessed/fixed_spacing/litsmc/spc_080_080_150/images/litqsmall_00026.pt,/s/fran_storage/datasets/preprocessed/fixed_spacing/litsmc/spc_080_080_150/lms/litqsmall_00026.pt,litqsmall_00026
41,/s/fran_storage/datasets/preprocessed/fixed_spacing/litsmc/spc_080_080_150/images/lits_73.pt,/s/fran_storage/datasets/preprocessed/fixed_spacing/litsmc/spc_080_080_150/lms/lits_73.pt,lits_73
42,/s/fran_storage/datasets/preprocessed/fixed_spacing/litsmc/spc_080_080_150/images/drli_030.pt,/s/fran_storage/datasets/preprocessed/fixed_spacing/litsmc/spc_080_080_150/lms/drli_030.pt,drli_030
43,/s/fran_storage/datasets/preprocessed/fixed_spacing/litsmc/spc_080_080_150/images/drli_057.pt,/s/fran_storage/datasets/preprocessed/fixed_spacing/litsmc/spc_080_080_150/lms/drli_057.pt,drli_057
44,/s/fran_storage/datasets/preprocessed/fixed_spacing/litsmc/spc_080_080_150/images/drli_021.pt,/s/fran_storage/datasets/preprocessed/fixed_spacing/litsmc/spc_080_080_150/lms/drli_021.pt,drli_021
45,/s/fran_storage/datasets/preprocessed/fixed_spacing/litsmc/spc_080_080_150/images/litq_44_20190909.pt,/s/fran_storage/datasets/preprocessed/fixed_spacing/litsmc/spc_080_080_150/lms/litq_44_20190909.pt,litq_44
46,/s/fran_storage/datasets/preprocessed/fixed_spacing/litsmc/spc_080_080_150/images/lits_3ub.pt,/s/fran_storage/datasets/preprocessed/fixed_spacing/litsmc/spc_080_080_150/lms/lits_3ub.pt,lits_3ub
47,/s/fran_storage/datasets/preprocessed/fixed_spacing/litsmc/spc_080_080_150/images/lits_110.pt,/s/fran_storage/datasets/preprocessed/fixed_spacing/litsmc/spc_080_080_150/lms/lits_110.pt,lits_110
48,/s/fran_storage/datasets/preprocessed/fixed_spacing/litsmc/spc_080_080_150/images/drli_017.pt,/s/fran_storage/datasets/preprocessed/fixed_spacing/litsmc/spc_080_080_150/lms/drli_017.pt,drli_017
49,/s/fran_storage/datasets/preprocessed/fixed_spacing/litsmc/spc_080_080_150/images/litq_72b_20170224.pt,/s/fran_storage/datasets/preprocessed/fixed_spacing/litsmc/spc_080_080_150/lms/litq_72b_20170224.pt,litq_72b
50,/s/fran_storage/datasets/preprocessed/fixed_spacing/litsmc/spc_080_080_150/images/drli_058.pt,/s/fran_storage/datasets/preprocessed/fixed_spacing/litsmc/spc_080_080_150/lms/drli_058.pt,drli_058
51,/s/fran_storage/datasets/preprocessed/fixed_spacing/litsmc/spc_080_080_150/images/drli_027.pt,/s/fran_storage/datasets/preprocessed/fixed_spacing/litsmc/spc_080_080_150/lms/drli_027.pt,drli_027
52,/s/fran_storage/datasets/preprocessed/fixed_spacing/litsmc/spc_080_080_150/images/litq_72_20161221.pt,/s/fran_storage/datasets/preprocessed/fixed_spacing/litsmc/spc_080_080_150/lms/litq_72_20161221.pt,litq_72
53,/s/fran_storage/datasets/preprocessed/fixed_spacing/litsmc/spc_080_080_150/images/litq_40_20171117.pt,/s/fran_storage/datasets/preprocessed/fixed_spacing/litsmc/spc_080_080_150/lms/litq_40_20171117.pt,litq_40
54,/s/fran_storage/datasets/preprocessed/fixed_spacing/litsmc/spc_080_080_150/images/drli_004.pt,/s/fran_storage/datasets/preprocessed/fixed_spacing/litsmc/spc_080_080_150/lms/drli_004.pt,drli_004
55,/s/fran_storage/datasets/preprocessed/fixed_spacing/litsmc/spc_080_080_150/images/lits_90.pt,/s/fran_storage/datasets/preprocessed/fixed_spacing/litsmc/spc_080_080_150/lms/lits_90.pt,lits_90
56,/s/fran_storage/datasets/preprocessed/fixed_spacing/litsmc/spc_080_080_150/images/lits_51.pt,/s/fran_storage/datasets/preprocessed/fixed_spacing/litsmc/spc_080_080_150/lms/lits_51.pt,lits_51
57,/s/fran_storage/datasets/preprocessed/fixed_spacing/litsmc/spc_080_080_150/images/lits_97.pt,/s/fran_storage/datasets/preprocessed/fixed_spacing/litsmc/spc_080_080_150/lms/lits_97.pt,lits_97
58,/s/fran_storage/datasets/preprocessed/fixed_spacing/litsmc/spc_080_080_150/images/lits_125.pt,/s/fran_storage/datasets/preprocessed/fixed_spacing/litsmc/spc_080_080_150/lms/lits_125.pt,lits_125
59,/s/fran_storage/datasets/preprocessed/fixed_spacing/litsmc/spc_080_080_150/images/lits_42.pt,/s/fran_storage/datasets/preprocessed/fixed_spacing/litsmc/spc_080_080_150/lms/lits_42.pt,lits_42
60,/s/fran_storage/datasets/preprocessed/fixed_spacing/litsmc/spc_080_080_150/images/litqsmall_00006.pt,/s/fran_storage/datasets/preprocessed/fixed_spacing/litsmc/spc_080_080_150/lms/litqsmall_00006.pt,litqsmall_00006
61,/s/fran_storage/datasets/preprocessed/fixed_spacing/litsmc/spc_080_080_150/images/lits_76.pt,/s/fran_storage/datasets/preprocessed/fixed_spacing/litsmc/spc_080_080_150/lms/lits_76.pt,lits_76
62,/s/fran_storage/datasets/preprocessed/fixed_spacing/litsmc/spc_080_080_150/images/litqsmall_00025.pt,/s/fran_storage/datasets/preprocessed/fixed_spacing/litsmc/spc_080_080_150/lms/litqsmall_00025.pt,litqsmall_00025
63,/s/fran_storage/datasets/preprocessed/fixed_spacing/litsmc/spc_080_080_150/images/drli_052.pt,/s/fran_storage/datasets/preprocessed/fixed_spacing/litsmc/spc_080_080_150/lms/drli_052.pt,drli_052
64,/s/fran_storage/datasets/preprocessed/fixed_spacing/litsmc/spc_080_080_150/images/lits_7ub.pt,/s/fran_storage/datasets/preprocessed/fixed_spacing/litsmc/spc_080_080_150/lms/lits_7ub.pt,lits_7ub
65,/s/fran_storage/datasets/preprocessed/fixed_spacing/litsmc/spc_080_080_150/images/drli_063.pt,/s/fran_storage/datasets/preprocessed/fixed_spacing/litsmc/spc_080_080_150/lms/drli_063.pt,drli_063
66,/s/fran_storage/datasets/preprocessed/fixed_spacing/litsmc/spc_080_080_150/images/litqsmall_00043.pt,/s/fran_storage/datasets/preprocessed/fixed_spacing/litsmc/spc_080_080_150/lms/litqsmall_00043.pt,litqsmall_00043
67,/s/fran_storage/datasets/preprocessed/fixed_spacing/litsmc/spc_080_080_150/images/lits_70.pt,/s/fran_storage/datasets/preprocessed/fixed_spacing/litsmc/spc_080_080_150/lms/lits_70.pt,lits_70
68,/s/fran_storage/datasets/preprocessed/fixed_spacing/litsmc/spc_080_080_150/images/drli_014.pt,/s/fran_storage/datasets/preprocessed/fixed_spacing/litsmc/spc_080_080_150/lms/drli_014.pt,drli_014
69,/s/fran_storage/datasets/preprocessed/fixed_spacing/litsmc/spc_080_080_150/images/drli_076.pt,/s/fran_storage/datasets/preprocessed/fixed_spacing/litsmc/spc_080_080_150/lms/drli_076.pt,drli_076
70,/s/fran_storage/datasets/preprocessed/fixed_spacing/litsmc/spc_080_080_150/images/lits_64.pt,/s/fran_storage/datasets/preprocessed/fixed_spacing/litsmc/spc_080_080_150/lms/lits_64.pt,lits_64
71,/s/fran_storage/datasets/preprocessed/fixed_spacing/litsmc/spc_080_080_150/images/litq_47_20200217.pt,/s/fran_storage/datasets/preprocessed/fixed_spacing/litsmc/spc_080_080_150/lms/litq_47_20200217.pt,litq_47
72,/s/fran_storage/datasets/preprocessed/fixed_spacing/litsmc/spc_080_080_150/images/lits_27.pt,/s/fran_storage/datasets/preprocessed/fixed_spacing/litsmc/spc_080_080_150/lms/lits_27.pt,lits_27
73,/s/fran_storage/datasets/preprocessed/fixed_spacing/litsmc/spc_080_080_150/images/drli_051.pt,/s/fran_storage/datasets/preprocessed/fixed_spacing/litsmc/spc_080_080_150/lms/drli_051.pt,drli_051
74,/s/fran_storage/datasets/preprocessed/fixed_spacing/litsmc/spc_080_080_150/images/lits_61.pt,/s/fran_storage/datasets/preprocessed/fixed_spacing/litsmc/spc_080_080_150/lms/lits_61.pt,lits_61
75,/s/fran_storage/datasets/preprocessed/fixed_spacing/litsmc/spc_080_080_150/images/drli_011.pt,/s/fran_storage/datasets/preprocessed/fixed_spacing/litsmc/spc_080_080_150/lms/drli_011.pt,drli_011
76,/s/fran_storage/datasets/preprocessed/fixed_spacing/litsmc/spc_080_080_150/images/lits_109ub.pt,/s/fran_storage/datasets/preprocessed/fixed_spacing/litsmc/spc_080_080_150/lms/lits_109ub.pt,lits_109ub
77,/s/fran_storage/datasets/preprocessed/fixed_spacing/litsmc/spc_080_080_150/images/lits_95.pt,/s/fran_storage/datasets/preprocessed/fixed_spacing/litsmc/spc_080_080_150/lms/lits_95.pt,lits_95
78,/s/fran_storage/datasets/preprocessed/fixed_spacing/litsmc/spc_080_080_150/images/lits_6ub.pt,/s/fran_storage/datasets/preprocessed/fixed_spacing/litsmc/spc_080_080_150/lms/lits_6ub.pt,lits_6ub
79,/s/fran_storage/datasets/preprocessed/fixed_spacing/litsmc/spc_080_080_150/images/litq_77_20210306.pt,/s/fran_storage/datasets/preprocessed/fixed_spacing/litsmc/spc_080_080_150/lms/litq_77_20210306.pt,litq_77
80,/s/fran_storage/datasets/preprocessed/fixed_spacing/litsmc/spc_080_080_150/images/litqsmall_00031.pt,/s/fran_storage/datasets/preprocessed/fixed_spacing/litsmc/spc_080_080_150/lms/litqsmall_00031.pt,litqsmall_00031
81,/s/fran_storage/datasets/preprocessed/fixed_spacing/litsmc/spc_080_080_150/images/lits_129ub.pt,/s/fran_storage/datasets/preprocessed/fixed_spacing/litsmc/spc_080_080_150/lms/lits_129ub.pt,lits_129ub
82,/s/fran_storage/datasets/preprocessed/fixed_spacing/litsmc/spc_080_080_150/images/drli_022.pt,/s/fran_storage/datasets/preprocessed/fixed_spacing/litsmc/spc_080_080_150/lms/drli_022.pt,drli_022
83,/s/fran_storage/datasets/preprocessed/fixed_spacing/litsmc/spc_080_080_150/images/lits_103ub.pt,/s/fran_storage/datasets/preprocessed/fixed_spacing/litsmc/spc_080_080_150/lms/lits_103ub.pt,lits_103ub
84,/s/fran_storage/datasets/preprocessed/fixed_spacing/litsmc/spc_080_080_150/images/lits_16.pt,/s/fran_storage/datasets/preprocessed/fixed_spacing/litsmc/spc_080_080_150/lms/lits_16.pt,lits_16
85,/s/fran_storage/datasets/preprocessed/fixed_spacing/litsmc/spc_080_080_150/images/lits_20.pt,/s/fran_storage/datasets/preprocessed/fixed_spacing/litsmc/spc_080_080_150/lms/lits_20.pt,lits_20
86,/s/fran_storage/datasets/preprocessed/fixed_spacing/litsmc/spc_080_080_150/images/drli_071.pt,/s/fran_storage/datasets/preprocessed/fixed_spacing/litsmc/spc_080_080_150/lms/drli_071.pt,drli_071
87,/s/fran_storage/datasets/preprocessed/fixed_spacing/litsmc/spc_080_080_150/images/drli_045.pt,/s/fran_storage/datasets/preprocessed/fixed_spacing/litsmc/spc_080_080_150/lms/drli_045.pt,drli_045
88,/s/fran_storage/datasets/preprocessed/fixed_spacing/litsmc/spc_080_080_150/images/lits_77.pt,/s/fran_storage/datasets/preprocessed/fixed_spacing/litsmc/spc_080_080_150/lms/lits_77.pt,lits_77
89,/s/fran_storage/datasets/preprocessed/fixed_spacing/litsmc/spc_080_080_150/images/lits_84.pt,/s/fran_storage/datasets/preprocessed/fixed_spacing/litsmc/spc_080_080_150/lms/lits_84.pt,lits_84
90,/s/fran_storage/datasets/preprocessed/fixed_spacing/litsmc/spc_080_080_150/images/lits_15ub.pt,/s/fran_storage/datasets/preprocessed/fixed_spacing/litsmc/spc_080_080_150/lms/lits_15ub.pt,lits_15ub
91,/s/fran_storage/datasets/preprocessed/fixed_spacing/litsmc/spc_080_080_150/images/lits_111.pt,/s/fran_storage/datasets/preprocessed/fixed_spacing/litsmc/spc_080_080_150/lms/lits_111.pt,lits_111
92,/s/fran_storage/datasets/preprocessed/fixed_spacing/litsmc/spc_080_080_150/images/lits_68.pt,/s/fran_storage/datasets/preprocessed/fixed_spacing/litsmc/spc_080_080_150/lms/lits_68.pt,lits_68
93,/s/fran_storage/datasets/preprocessed/fixed_spacing/litsmc/spc_080_080_150/images/drli_029.pt,/s/fran_storage/datasets/preprocessed/fixed_spacing/litsmc/spc_080_080_150/lms/drli_029.pt,drli_029
94,/s/fran_storage/datasets/preprocessed/fixed_spacing/litsmc/spc_080_080_150/images/lits_94.pt,/s/fran_storage/datasets/preprocessed/fixed_spacing/litsmc/spc_080_080_150/lms/lits_94.pt,lits_94
95,/s/fran_storage/datasets/preprocessed/fixed_spacing/litsmc/spc_080_080_150/images/lits_8ub.pt,/s/fran_storage/datasets/preprocessed/fixed_spacing/litsmc/spc_080_080_150/lms/lits_8ub.pt,lits_8ub
96,/s/fran_storage/datasets/preprocessed/fixed_spacing/litsmc/spc_080_080_150/images/lits_128.pt,/s/fran_storage/datasets/preprocessed/fixed_spacing/litsmc/spc_080_080_150/lms/lits_128.pt,lits_128
97,/s/fran_storage/datasets/preprocessed/fixed_spacing/litsmc/spc_080_080_150/images/lits_100.pt,/s/fran_storage/datasets/preprocessed/fixed_spacing/litsmc/spc_080_080_150/lms/lits_100.pt,lits_100
98,/s/fran_storage/datasets/preprocessed/fixed_spacing/litsmc/spc_080_080_150/images/drli_053.pt,/s/fran_storage/datasets/preprocessed/fixed_spacing/litsmc/spc_080_080_150/lms/drli_053.pt,drli_053
99,/s/fran_storage/datasets/preprocessed/fixed_spacing/litsmc/spc_080_080_150/images/lits_5.pt,/s/fran_storage/datasets/preprocessed/fixed_spacing/litsmc/spc_080_080_150/lms/lits_5.pt,lits_5
100,/s/fran_storage/datasets/preprocessed/fixed_spacing/litsmc/spc_080_080_150/images/lits_22.pt,/s/fran_storage/datasets/preprocessed/fixed_spacing/litsmc/spc_080_080_150/lms/lits_22.pt,lits_22
101,/s/fran_storage/datasets/preprocessed/fixed_spacing/litsmc/spc_080_080_150/images/litq_41b_20221122.pt,/s/fran_storage/datasets/preprocessed/fixed_spacing/litsmc/spc_080_080_150/lms/litq_41b_20221122.pt,litq_41b
102,/s/fran_storage/datasets/preprocessed/fixed_spacing/litsmc/spc_080_080_150/images/lits_86.pt,/s/fran_storage/datasets/preprocessed/fixed_spacing/litsmc/spc_080_080_150/lms/lits_86.pt,lits_86
103,/s/fran_storage/datasets/preprocessed/fixed_spacing/litsmc/spc_080_080_150/images/lits_104ub.pt,/s/fran_storage/datasets/preprocessed/fixed_spacing/litsmc/spc_080_080_150/lms/lits_104ub.pt,lits_104ub
104,/s/fran_storage/datasets/preprocessed/fixed_spacing/litsmc/spc_080_080_150/images/litq_49_20171222.pt,/s/fran_storage/datasets/preprocessed/fixed_spacing/litsmc/spc_080_080_150/lms/litq_49_20171222.pt,litq_49
105,/s/fran_storage/datasets/preprocessed/fixed_spacing/litsmc/spc_080_080_150/images/lits_82.pt,/s/fran_storage/datasets/preprocessed/fixed_spacing/litsmc/spc_080_080_150/lms/lits_82.pt,lits_82
106,/s/fran_storage/datasets/preprocessed/fixed_spacing/litsmc/spc_080_080_150/images/lits_19.pt,/s/fran_storage/datasets/preprocessed/fixed_spacing/litsmc/spc_080_080_150/lms/lits_19.pt,lits_19
107,/s/fran_storage/datasets/preprocessed/fixed_spacing/litsmc/spc_080_080_150/images/litq_71_20191010.pt,/s/fran_storage/datasets/preprocessed/fixed_spacing/litsmc/spc_080_080_150/lms/litq_71_20191010.pt,litq_71
108,/s/fran_storage/datasets/preprocessed/fixed_spacing/litsmc/spc_080_080_150/images/litqsmall_00041.pt,/s/fran_storage/datasets/preprocessed/fixed_spacing/litsmc/spc_080_080_150/lms/litqsmall_00041.pt,litqsmall_00041
109,/s/fran_storage/datasets/preprocessed/fixed_spacing/litsmc/spc_080_080_150/images/litqsmall_00005.pt,/s/fran_storage/datasets/preprocessed/fixed_spacing/litsmc/spc_080_080_150/lms/litqsmall_00005.pt,litqsmall_00005
110,/s/fran_storage/datasets/preprocessed/fixed_spacing/litsmc/spc_080_080_150/images/drli_074.pt,/s/fran_storage/datasets/preprocessed/fixed_spacing/litsmc/spc_080_080_150/lms/drli_074.pt,drli_074
111,/s/fran_storage/datasets/preprocessed/fixed_spacing/litsmc/spc_080_080_150/images/drli_073.pt,/s/fran_storage/datasets/preprocessed/fixed_spacing/litsmc/spc_080_080_150/lms/drli_073.pt,drli_073
112,/s/fran_storage/datasets/preprocessed/fixed_spacing/litsmc/spc_080_080_150/images/lits_9.pt,/s/fran_storage/datasets/preprocessed/fixed_spacing/litsmc/spc_080_080_150/lms/lits_9.pt,lits_9
113,/s/fran_storage/datasets/preprocessed/fixed_spacing/litsmc/spc_080_080_150/images/litq_46_20190917.pt,/s/fran_storage/datasets/preprocessed/fixed_spacing/litsmc/spc_080_080_150/lms/litq_46_20190917.pt,litq_46
114,/s/fran_storage/datasets/preprocessed/fixed_spacing/litsmc/spc_080_080_150/images/litqsmall_00000.pt,/s/fran_storage/datasets/preprocessed/fixed_spacing/litsmc/spc_080_080_150/lms/litqsmall_00000.pt,litqsmall_00000
115,/s/fran_storage/datasets/preprocessed/fixed_spacing/litsmc/spc_080_080_150/images/drli_050.pt,/s/fran_storage/datasets/preprocessed/fixed_spacing/litsmc/spc_080_080_150/lms/drli_050.pt,drli_050
116,/s/fran_storage/datasets/preprocessed/fixed_spacing/litsmc/spc_080_080_150/images/drli_061.pt,/s/fran_storage/datasets/preprocessed/fixed_spacing/litsmc/spc_080_080_150/lms/drli_061.pt,drli_061
117,/s/fran_storage/datasets/preprocessed/fixed_spacing/litsmc/spc_080_080_150/images/litq_31_20220826.pt,/s/fran_storage/datasets/preprocessed/fixed_spacing/litsmc/spc_080_080_150/lms/litq_31_20220826.pt,litq_31
118,/s/fran_storage/datasets/preprocessed/fixed_spacing/litsmc/spc_080_080_150/images/drli_069.pt,/s/fran_storage/datasets/preprocessed/fixed_spacing/litsmc/spc_080_080_150/lms/drli_069.pt,drli_069
119,/s/fran_storage/datasets/preprocessed/fixed_spacing/litsmc/spc_080_080_150/images/drli_066.pt,/s/fran_storage/datasets/preprocessed/fixed_spacing/litsmc/spc_080_080_150/lms/drli_066.pt,drli_066
120,/s/fran_storage/datasets/preprocessed/fixed_spacing/litsmc/spc_080_080_150/images/litqsmall_00009.pt,/s/fran_storage/datasets/preprocessed/fixed_spacing/litsmc/spc_080_080_150/lms/litqsmall_00009.pt,litqsmall_00009
121,/s/fran_storage/datasets/preprocessed/fixed_spacing/litsmc/spc_080_080_150/images/drli_070.pt,/s/fran_storage/datasets/preprocessed/fixed_spacing/litsmc/spc_080_080_150/lms/drli_070.pt,drli_070
122,/s/fran_storage/datasets/preprocessed/fixed_spacing/litsmc/spc_080_080_150/images/lits_25.pt,/s/fran_storage/datasets/preprocessed/fixed_spacing/litsmc/spc_080_080_150/lms/lits_25.pt,lits_25
123,/s/fran_storage/datasets/preprocessed/fixed_spacing/litsmc/spc_080_080_150/images/drli_034.pt,/s/fran_storage/datasets/preprocessed/fixed_spacing/litsmc/spc_080_080_150/lms/drli_034.pt,drli_034
124,/s/fran_storage/datasets/preprocessed/fixed_spacing/litsmc/spc_080_080_150/images/drli_038.pt,/s/fran_storage/datasets/preprocessed/fixed_spacing/litsmc/spc_080_080_150/lms/drli_038.pt,drli_038
125,/s/fran_storage/datasets/preprocessed/fixed_spacing/litsmc/spc_080_080_150/images/drli_005.pt,/s/fran_storage/datasets/preprocessed/fixed_spacing/litsmc/spc_080_080_150/lms/drli_005.pt,drli_005
126,/s/fran_storage/datasets/preprocessed/fixed_spacing/litsmc/spc_080_080_150/images/drli_033.pt,/s/fran_storage/datasets/preprocessed/fixed_spacing/litsmc/spc_080_080_150/lms/drli_033.pt,drli_033
127,/s/fran_storage/datasets/preprocessed/fixed_spacing/litsmc/spc_080_080_150/images/drli_062.pt,/s/fran_storage/datasets/preprocessed/fixed_spacing/litsmc/spc_080_080_150/lms/drli_062.pt,drli_062
128,/s/fran_storage/datasets/preprocessed/fixed_spacing/litsmc/spc_080_080_150/images/drli_036.pt,/s/fran_storage/datasets/preprocessed/fixed_spacing/litsmc/spc_080_080_150/lms/drli_036.pt,drli_036
129,/s/fran_storage/datasets/preprocessed/fixed_spacing/litsmc/spc_080_080_150/images/drli_015.pt,/s/fran_storage/datasets/preprocessed/fixed_spacing/litsmc/spc_080_080_150/lms/drli_015.pt,drli_015
130,/s/fran_storage/datasets/preprocessed/fixed_spacing/litsmc/spc_080_080_150/images/lits_60.pt,/s/fran_storage/datasets/preprocessed/fixed_spacing/litsmc/spc_080_080_150/lms/lits_60.pt,lits_60
131,/s/fran_storage/datasets/preprocessed/fixed_spacing/litsmc/spc_080_080_150/images/lits_96ub.pt,/s/fran_storage/datasets/preprocessed/fixed_spacing/litsmc/spc_080_080_150/lms/lits_96ub.pt,lits_96ub
132,/s/fran_storage/datasets/preprocessed/fixed_spacing/litsmc/spc_080_080_150/images/lits_85.pt,/s/fran_storage/datasets/preprocessed/fixed_spacing/litsmc/spc_080_080_150/lms/lits_85.pt,lits_85
133,/s/fran_storage/datasets/preprocessed/fixed_spacing/litsmc/spc_080_080_150/images/lits_118.pt,/s/fran_storage/datasets/preprocessed/fixed_spacing/litsmc/spc_080_080_150/lms/lits_118.pt,lits_118
134,/s/fran_storage/datasets/preprocessed/fixed_spacing/litsmc/spc_080_080_150/images/lits_56.pt,/s/fran_storage/datasets/preprocessed/fixed_spacing/litsmc/spc_080_080_150/lms/lits_56.pt,lits_56
135,/s/fran_storage/datasets/preprocessed/fixed_spacing/litsmc/spc_080_080_150/images/litq_33_20200923.pt,/s/fran_storage/datasets/preprocessed/fixed_spacing/litsmc/spc_080_080_150/lms/litq_33_20200923.pt,litq_33
136,/s/fran_storage/datasets/preprocessed/fixed_spacing/litsmc/spc_080_080_150/images/lits_112.pt,/s/fran_storage/datasets/preprocessed/fixed_spacing/litsmc/spc_080_080_150/lms/lits_112.pt,lits_112
137,/s/fran_storage/datasets/preprocessed/fixed_spacing/litsmc/spc_080_080_150/images/lits_93.pt,/s/fran_storage/datasets/preprocessed/fixed_spacing/litsmc/spc_080_080_150/lms/lits_93.pt,lits_93
138,/s/fran_storage/datasets/preprocessed/fixed_spacing/litsmc/spc_080_080_150/images/lits_115.pt,/s/fran_storage/datasets/preprocessed/fixed_spacing/litsmc/spc_080_080_150/lms/lits_115.pt,lits_115
139,/s/fran_storage/datasets/preprocessed/fixed_spacing/litsmc/spc_080_080_150/images/lits_106ub.pt,/s/fran_storage/datasets/preprocessed/fixed_spacing/litsmc/spc_080_080_150/lms/lits_106ub.pt,lits_106ub
140,/s/fran_storage/datasets/preprocessed/fixed_spacing/litsmc/spc_080_080_150/images/drli_035.pt,/s/fran_storage/datasets/preprocessed/fixed_spacing/litsmc/spc_080_080_150/lms/drli_035.pt,drli_035
141,/s/fran_storage/datasets/preprocessed/fixed_spacing/litsmc/spc_080_080_150/images/litqsmall_00021.pt,/s/fran_storage/datasets/preprocessed/fixed_spacing/litsmc/spc_080_080_150/lms/litqsmall_00021.pt,litqsmall_00021
142,/s/fran_storage/datasets/preprocessed/fixed_spacing/litsmc/spc_080_080_150/images/drli_040.pt,/s/fran_storage/datasets/preprocessed/fixed_spacing/litsmc/spc_080_080_150/lms/drli_040.pt,drli_040
143,/s/fran_storage/datasets/preprocessed/fixed_spacing/litsmc/spc_080_080_150/images/drli_001ub.pt,/s/fran_storage/datasets/preprocessed/fixed_spacing/litsmc/spc_080_080_150/lms/drli_001ub.pt,drli_001ub
144,/s/fran_storage/datasets/preprocessed/fixed_spacing/litsmc/spc_080_080_150/images/lits_11.pt,/s/fran_storage/datasets/preprocessed/fixed_spacing/litsmc/spc_080_080_150/lms/lits_11.pt,lits_11
145,/s/fran_storage/datasets/preprocessed/fixed_spacing/litsmc/spc_080_080_150/images/litqsmall_00046.pt,/s/fran_storage/datasets/preprocessed/fixed_spacing/litsmc/spc_080_080_150/lms/litqsmall_00046.pt,litqsmall_00046
146,/s/fran_storage/datasets/preprocessed/fixed_spacing/litsmc/spc_080_080_150/images/litq_76_20210528.pt,/s/fran_storage/datasets/preprocessed/fixed_spacing/litsmc/spc_080_080_150/lms/litq_76_20210528.pt,litq_76
147,/s/fran_storage/datasets/preprocessed/fixed_spacing/litsmc/spc_080_080_150/images/litqsmall_00001.pt,/s/fran_storage/datasets/preprocessed/fixed_spacing/litsmc/spc_080_080_150/lms/litqsmall_00001.pt,litqsmall_00001
148,/s/fran_storage/datasets/preprocessed/fixed_spacing/litsmc/spc_080_080_150/images/lits_74.pt,/s/fran_storage/datasets/preprocessed/fixed_spacing/litsmc/spc_080_080_150/lms/lits_74.pt,lits_74
149,/s/fran_storage/datasets/preprocessed/fixed_spacing/litsmc/spc_080_080_150/images/drli_039.pt,/s/fran_storage/datasets/preprocessed/fixed_spacing/litsmc/spc_080_080_150/lms/drli_039.pt,drli_039
150,/s/fran_storage/datasets/preprocessed/fixed_spacing/litsmc/spc_080_080_150/images/lits_4.pt,/s/fran_storage/datasets/preprocessed/fixed_spacing/litsmc/spc_080_080_150/lms/lits_4.pt,lits_4
151,/s/fran_storage/datasets/preprocessed/fixed_spacing/litsmc/spc_080_080_150/images/drli_065.pt,/s/fran_storage/datasets/preprocessed/fixed_spacing/litsmc/spc_080_080_150/lms/drli_065.pt,drli_065
152,/s/fran_storage/datasets/preprocessed/fixed_spacing/litsmc/spc_080_080_150/images/lits_33.pt,/s/fran_storage/datasets/preprocessed/fixed_spacing/litsmc/spc_080_080_150/lms/lits_33.pt,lits_33
153,/s/fran_storage/datasets/preprocessed/fixed_spacing/litsmc/spc_080_080_150/images/drli_010.pt,/s/fran_storage/datasets/preprocessed/fixed_spacing/litsmc/spc_080_080_150/lms/drli_010.pt,drli_010
154,/s/fran_storage/datasets/preprocessed/fixed_spacing/litsmc/spc_080_080_150/images/drli_059.pt,/s/fran_storage/datasets/preprocessed/fixed_spacing/litsmc/spc_080_080_150/lms/drli_059.pt,drli_059
155,/s/fran_storage/datasets/preprocessed/fixed_spacing/litsmc/spc_080_080_150/images/litq_50_20190716.pt,/s/fran_storage/datasets/preprocessed/fixed_spacing/litsmc/spc_080_080_150/lms/litq_50_20190716.pt,litq_50
156,/s/fran_storage/datasets/preprocessed/fixed_spacing/litsmc/spc_080_080_150/images/lits_66.pt,/s/fran_storage/datasets/preprocessed/fixed_spacing/litsmc/spc_080_080_150/lms/lits_66.pt,lits_66
157,/s/fran_storage/datasets/preprocessed/fixed_spacing/litsmc/spc_080_080_150/images/lits_126.pt,/s/fran_storage/datasets/preprocessed/fixed_spacing/litsmc/spc_080_080_150/lms/lits_126.pt,lits_126
158,/s/fran_storage/datasets/preprocessed/fixed_spacing/litsmc/spc_080_080_150/images/lits_117.pt,/s/fran_storage/datasets/preprocessed/fixed_spacing/litsmc/spc_080_080_150/lms/lits_117.pt,lits_117
159,/s/fran_storage/datasets/preprocessed/fixed_spacing/litsmc/spc_080_080_150/images/litqsmall_00012.pt,/s/fran_storage/datasets/preprocessed/fixed_spacing/litsmc/spc_080_080_150/lms/litqsmall_00012.pt,litqsmall_00012
160,/s/fran_storage/datasets/preprocessed/fixed_spacing/litsmc/spc_080_080_150/images/drli_064.pt,/s/fran_storage/datasets/preprocessed/fixed_spacing/litsmc/spc_080_080_150/lms/drli_064.pt,drli_064
161,/s/fran_storage/datasets/preprocessed/fixed_spacing/litsmc/spc_080_080_150/images/litqsmall_00029.pt,/s/fran_storage/datasets/preprocessed/fixed_spacing/litsmc/spc_080_080_150/lms/litqsmall_00029.pt,litqsmall_00029
162,/s/fran_storage/datasets/preprocessed/fixed_spacing/litsmc/spc_080_080_150/images/litqsmall_00027.pt,/s/fran_storage/datasets/preprocessed/fixed_spacing/litsmc/spc_080_080_150/lms/litqsmall_00027.pt,litqsmall_00027
163,/s/fran_storage/datasets/preprocessed/fixed_spacing/litsmc/spc_080_080_150/images/lits_39.pt,/s/fran_storage/datasets/preprocessed/fixed_spacing/litsmc/spc_080_080_150/lms/lits_39.pt,lits_39
164,/s/fran_storage/datasets/preprocessed/fixed_spacing/litsmc/spc_080_080_150/images/litqsmall_00028.pt,/s/fran_storage/datasets/preprocessed/fixed_spacing/litsmc/spc_080_080_150/lms/litqsmall_00028.pt,litqsmall_00028
165,/s/fran_storage/datasets/preprocessed/fixed_spacing/litsmc/spc_080_080_150/images/drli_026.pt,/s/fran_storage/datasets/preprocessed/fixed_spacing/litsmc/spc_080_080_150/lms/drli_026.pt,drli_026
166,/s/fran_storage/datasets/preprocessed/fixed_spacing/litsmc/spc_080_080_150/images/lits_107.pt,/s/fran_storage/datasets/preprocessed/fixed_spacing/litsmc/spc_080_080_150/lms/lits_107.pt,lits_107
167,/s/fran_storage/datasets/preprocessed/fixed_spacing/litsmc/spc_080_080_150/images/lits_88.pt,/s/fran_storage/datasets/preprocessed/fixed_spacing/litsmc/spc_080_080_150/lms/lits_88.pt,lits_88
168,/s/fran_storage/datasets/preprocessed/fixed_spacing/litsmc/spc_080_080_150/images/lits_101ub.pt,/s/fran_storage/datasets/preprocessed/fixed_spacing/litsmc/spc_080_080_150/lms/lits_101ub.pt,lits_101ub
169,/s/fran_storage/datasets/preprocessed/fixed_spacing/litsmc/spc_080_080_150/images/lits_14.pt,/s/fran_storage/datasets/preprocessed/fixed_spacing/litsmc/spc_080_080_150/lms/lits_14.pt,lits_14
170,/s/fran_storage/datasets/preprocessed/fixed_spacing/litsmc/spc_080_080_150/images/drli_032.pt,/s/fran_storage/datasets/preprocessed/fixed_spacing/litsmc/spc_080_080_150/lms/drli_032.pt,drli_032
171,/s/fran_storage/datasets/preprocessed/fixed_spacing/litsmc/spc_080_080_150/images/drli_049.pt,/s/fran_storage/datasets/preprocessed/fixed_spacing/litsmc/spc_080_080_150/lms/drli_049.pt,drli_049
172,/s/fran_storage/datasets/preprocessed/fixed_spacing/litsmc/spc_080_080_150/images/lits_50.pt,/s/fran_storage/datasets/preprocessed/fixed_spacing/litsmc/spc_080_080_150/lms/lits_50.pt,lits_50
173,/s/fran_storage/datasets/preprocessed/fixed_spacing/litsmc/spc_080_080_150/images/lits_124.pt,/s/fran_storage/datasets/preprocessed/fixed_spacing/litsmc/spc_080_080_150/lms/lits_124.pt,lits_124
174,/s/fran_storage/datasets/preprocessed/fixed_spacing/litsmc/spc_080_080_150/images/drli_018.pt,/s/fran_storage/datasets/preprocessed/fixed_spacing/litsmc/spc_080_080_150/lms/drli_018.pt,drli_018
175,/s/fran_storage/datasets/preprocessed/fixed_spacing/litsmc/spc_080_080_150/images/litqsmall_00013.pt,/s/fran_storage/datasets/preprocessed/fixed_spacing/litsmc/spc_080_080_150/lms/litqsmall_00013.pt,litqsmall_00013
176,/s/fran_storage/datasets/preprocessed/fixed_spacing/litsmc/spc_080_080_150/images/drli_072.pt,/s/fran_storage/datasets/preprocessed/fixed_spacing/litsmc/spc_080_080_150/lms/drli_072.pt,drli_072
177,/s/fran_storage/datasets/preprocessed/fixed_spacing/litsmc/spc_080_080_150/images/lits_79.pt,/s/fran_storage/datasets/preprocessed/fixed_spacing/litsmc/spc_080_080_150/lms/lits_79.pt,lits_79
178,/s/fran_storage/datasets/preprocessed/fixed_spacing/litsmc/spc_080_080_150/images/lits_71.pt,/s/fran_storage/datasets/preprocessed/fixed_spacing/litsmc/spc_080_080_150/lms/lits_71.pt,lits_71
179,/s/fran_storage/datasets/preprocessed/fixed_spacing/litsmc/spc_080_080_150/images/lits_54.pt,/s/fran_storage/datasets/preprocessed/fixed_spacing/litsmc/spc_080_080_150/lms/lits_54.pt,lits_54
180,/s/fran_storage/datasets/preprocessed/fixed_spacing/litsmc/spc_080_080_150/images/lits_102.pt,/s/fran_storage/datasets/preprocessed/fixed_spacing/litsmc/spc_080_080_150/lms/lits_102.pt,lits_102
181,/s/fran_storage/datasets/preprocessed/fixed_spacing/litsmc/spc_080_080_150/images/drli_042.pt,/s/fran_storage/datasets/preprocessed/fixed_spacing/litsmc/spc_080_080_150/lms/drli_042.pt,drli_042
182,/s/fran_storage/datasets/preprocessed/fixed_spacing/litsmc/spc_080_080_150/images/lits_72.pt,/s/fran_storage/datasets/preprocessed/fixed_spacing/litsmc/spc_080_080_150/lms/lits_72.pt,lits_72
183,/s/fran_storage/datasets/preprocessed/fixed_spacing/litsmc/spc_080_080_150/images/lits_92ub.pt,/s/fran_storage/datasets/preprocessed/fixed_spacing/litsmc/spc_080_080_150/lms/lits_92ub.pt,lits_92ub
184,/s/fran_storage/datasets/preprocessed/fixed_spacing/litsmc/spc_080_080_150/images/lits_0ub.pt,/s/fran_storage/datasets/preprocessed/fixed_spacing/litsmc/spc_080_080_150/lms/lits_0ub.pt,lits_0ub
185,/s/fran_storage/datasets/preprocessed/fixed_spacing/litsmc/spc_080_080_150/images/drli_023.pt,/s/fran_storage/datasets/preprocessed/fixed_spacing/litsmc/spc_080_080_150/lms/drli_023.pt,drli_023
186,/s/fran_storage/datasets/preprocessed/fixed_spacing/litsmc/spc_080_080_150/images/drli_008.pt,/s/fran_storage/datasets/preprocessed/fixed_spacing/litsmc/spc_080_080_150/lms/drli_008.pt,drli_008
187,/s/fran_storage/datasets/preprocessed/fixed_spacing/litsmc/spc_080_080_150/images/drli_019.pt,/s/fran_storage/datasets/preprocessed/fixed_spacing/litsmc/spc_080_080_150/lms/drli_019.pt,drli_019
188,/s/fran_storage/datasets/preprocessed/fixed_spacing/litsmc/spc_080_080_150/images/lits_99.pt,/s/fran_storage/datasets/preprocessed/fixed_spacing/litsmc/spc_080_080_150/lms/lits_99.pt,lits_99
189,/s/fran_storage/datasets/preprocessed/fixed_spacing/litsmc/spc_080_080_150/images/litqsmall_00014.pt,/s/fran_storage/datasets/preprocessed/fixed_spacing/litsmc/spc_080_080_150/lms/litqsmall_00014.pt,litqsmall_00014
190,/s/fran_storage/datasets/preprocessed/fixed_spacing/litsmc/spc_080_080_150/images/lits_59.pt,/s/fran_storage/datasets/preprocessed/fixed_spacing/litsmc/spc_080_080_150/lms/lits_59.pt,lits_59
191,/s/fran_storage/datasets/preprocessed/fixed_spacing/litsmc/spc_080_080_150/images/lits_63.pt,/s/fran_storage/datasets/preprocessed/fixed_spacing/litsmc/spc_080_080_150/lms/lits_63.pt,lits_63
192,/s/fran_storage/datasets/preprocessed/fixed_spacing/litsmc/spc_080_080_150/images/lits_37.pt,/s/fran_storage/datasets/preprocessed/fixed_spacing/litsmc/spc_080_080_150/lms/lits_37.pt,lits_37
193,/s/fran_storage/datasets/preprocessed/fixed_spacing/litsmc/spc_080_080_150/images/lits_122.pt,/s/fran_storage/datasets/preprocessed/fixed_spacing/litsmc/spc_080_080_150/lms/lits_122.pt,lits_122
194,/s/fran_storage/datasets/preprocessed/fixed_spacing/litsmc/spc_080_080_150/images/drli_028.pt,/s/fran_storage/datasets/preprocessed/fixed_spacing/litsmc/spc_080_080_150/lms/drli_028.pt,drli_028
195,/s/fran_storage/datasets/preprocessed/fixed_spacing/litsmc/spc_080_080_150/images/lits_80.pt,/s/fran_storage/datasets/preprocessed/fixed_spacing/litsmc/spc_080_080_150/lms/lits_80.pt,lits_80
196,/s/fran_storage/datasets/preprocessed/fixed_spacing/litsmc/spc_080_080_150/images/lits_28.pt,/s/fran_storage/datasets/preprocessed/fixed_spacing/litsmc/spc_080_080_150/lms/lits_28.pt,lits_28
197,/s/fran_storage/datasets/preprocessed/fixed_spacing/litsmc/spc_080_080_150/images/litqsmall_00017.pt,/s/fran_storage/datasets/preprocessed/fixed_spacing/litsmc/spc_080_080_150/lms/litqsmall_00017.pt,litqsmall_00017
198,/s/fran_storage/datasets/preprocessed/fixed_spacing/litsmc/spc_080_080_150/images/lits_62.pt,/s/fran_storage/datasets/preprocessed/fixed_spacing/litsmc/spc_080_080_150/lms/lits_62.pt,lits_62
199,/s/fran_storage/datasets/preprocessed/fixed_spacing/litsmc/spc_080_080_150/images/lits_75.pt,/s/fran_storage/datasets/preprocessed/fixed_spacing/litsmc/spc_080_080_150/lms/lits_75.pt,lits_75
200,/s/fran_storage/datasets/preprocessed/fixed_spacing/litsmc/spc_080_080_150/images/lits_123.pt,/s/fran_storage/datasets/preprocessed/fixed_spacing/litsmc/spc_080_080_150/lms/lits_123.pt,lits_123
201,/s/fran_storage/datasets/preprocessed/fixed_spacing/litsmc/spc_080_080_150/images/lits_48.pt,/s/fran_storage/datasets/preprocessed/fixed_spacing/litsmc/spc_080_080_150/lms/lits_48.pt,lits_48
202,/s/fran_storage/datasets/preprocessed/fixed_spacing/litsmc/spc_080_080_150/images/litqsmall_00011.pt,/s/fran_storage/datasets/preprocessed/fixed_spacing/litsmc/spc_080_080_150/lms/litqsmall_00011.pt,litqsmall_00011
203,/s/fran_storage/datasets/preprocessed/fixed_spacing/litsmc/spc_080_080_150/images/drli_041.pt,/s/fran_storage/datasets/preprocessed/fixed_spacing/litsmc/spc_080_080_150/lms/drli_041.pt,drli_041
204,/s/fran_storage/datasets/preprocessed/fixed_spacing/litsmc/spc_080_080_150/images/litqsmall_00015.pt,/s/fran_storage/datasets/preprocessed/fixed_spacing/litsmc/spc_080_080_150/lms/litqsmall_00015.pt,litqsmall_00015
205,/s/fran_storage/datasets/preprocessed/fixed_spacing/litsmc/spc_080_080_150/images/lits_49ub.pt,/s/fran_storage/datasets/preprocessed/fixed_spacing/litsmc/spc_080_080_150/lms/lits_49ub.pt,lits_49ub
206,/s/fran_storage/datasets/preprocessed/fixed_spacing/litsmc/spc_080_080_150/images/drli_009.pt,/s/fran_storage/datasets/preprocessed/fixed_spacing/litsmc/spc_080_080_150/lms/drli_009.pt,drli_009
207,/s/fran_storage/datasets/preprocessed/fixed_spacing/litsmc/spc_080_080_150/images/lits_120.pt,/s/fran_storage/datasets/preprocessed/fixed_spacing/litsmc/spc_080_080_150/lms/lits_120.pt,lits_120
208,/s/fran_storage/datasets/preprocessed/fixed_spacing/litsmc/spc_080_080_150/images/drli_043.pt,/s/fran_storage/datasets/preprocessed/fixed_spacing/litsmc/spc_080_080_150/lms/drli_043.pt,drli_043
209,/s/fran_storage/datasets/preprocessed/fixed_spacing/litsmc/spc_080_080_150/images/drli_007.pt,/s/fran_storage/datasets/preprocessed/fixed_spacing/litsmc/spc_080_080_150/lms/drli_007.pt,drli_007
210,/s/fran_storage/datasets/preprocessed/fixed_spacing/litsmc/spc_080_080_150/images/drli_056.pt,/s/fran_storage/datasets/preprocessed/fixed_spacing/litsmc/spc_080_080_150/lms/drli_056.pt,drli_056
211,/s/fran_storage/datasets/preprocessed/fixed_spacing/litsmc/spc_080_080_150/images/litqsmall_00018.pt,/s/fran_storage/datasets/preprocessed/fixed_spacing/litsmc/spc_080_080_150/lms/litqsmall_00018.pt,litqsmall_00018
212,/s/fran_storage/datasets/preprocessed/fixed_spacing/litsmc/spc_080_080_150/images/lits_81.pt,/s/fran_storage/datasets/preprocessed/fixed_spacing/litsmc/spc_080_080_150/lms/lits_81.pt,lits_81
213,/s/fran_storage/datasets/preprocessed/fixed_spacing/litsmc/spc_080_080_150/images/lits_40.pt,/s/fran_storage/datasets/preprocessed/fixed_spacing/litsmc/spc_080_080_150/lms/lits_40.pt,lits_40
214,/s/fran_storage/datasets/preprocessed/fixed_spacing/litsmc/spc_080_080_150/images/litqsmall_00022.pt,/s/fran_storage/datasets/preprocessed/fixed_spacing/litsmc/spc_080_080_150/lms/litqsmall_00022.pt,litqsmall_00022
215,/s/fran_storage/datasets/preprocessed/fixed_spacing/litsmc/spc_080_080_150/images/litqsmall_00008.pt,/s/fran_storage/datasets/preprocessed/fixed_spacing/litsmc/spc_080_080_150/lms/litqsmall_00008.pt,litqsmall_00008
216,/s/fran_storage/datasets/preprocessed/fixed_spacing/litsmc/spc_080_080_150/images/litq_60_20190729.pt,/s/fran_storage/datasets/preprocessed/fixed_spacing/litsmc/spc_080_080_150/lms/litq_60_20190729.pt,litq_60
217,/s/fran_storage/datasets/preprocessed/fixed_spacing/litsmc/spc_080_080_150/images/litq_pt5_20200117.pt,/s/fran_storage/datasets/preprocessed/fixed_spacing/litsmc/spc_080_080_150/lms/litq_pt5_20200117.pt,litq_pt5
218,/s/fran_storage/datasets/preprocessed/fixed_spacing/litsmc/spc_080_080_150/images/lits_41.pt,/s/fran_storage/datasets/preprocessed/fixed_spacing/litsmc/spc_080_080_150/lms/lits_41.pt,lits_41
219,/s/fran_storage/datasets/preprocessed/fixed_spacing/litsmc/spc_080_080_150/images/litqsmall_00037.pt,/s/fran_storage/datasets/preprocessed/fixed_spacing/litsmc/spc_080_080_150/lms/litqsmall_00037.pt,litqsmall_00037
220,/s/fran_storage/datasets/preprocessed/fixed_spacing/litsmc/spc_080_080_150/images/litqsmall_00020.pt,/s/fran_storage/datasets/preprocessed/fixed_spacing/litsmc/spc_080_080_150/lms/litqsmall_00020.pt,litqsmall_00020
221,/s/fran_storage/datasets/preprocessed/fixed_spacing/litsmc/spc_080_080_150/images/drli_037.pt,/s/fran_storage/datasets/preprocessed/fixed_spacing/litsmc/spc_080_080_150/lms/drli_037.pt,drli_037
222,/s/fran_storage/datasets/preprocessed/fixed_spacing/litsmc/spc_080_080_150/images/lits_18.pt,/s/fran_storage/datasets/preprocessed/fixed_spacing/litsmc/spc_080_080_150/lms/lits_18.pt,lits_18
223,/s/fran_storage/datasets/preprocessed/fixed_spacing/litsmc/spc_080_080_150/images/lits_44ub.pt,/s/fran_storage/datasets/preprocessed/fixed_spacing/litsmc/spc_080_080_150/lms/lits_44ub.pt,lits_44ub
224,/s/fran_storage/datasets/preprocessed/fixed_spacing/litsmc/spc_080_080_150/images/lits_108.pt,/s/fran_storage/datasets/preprocessed/fixed_spacing/litsmc/spc_080_080_150/lms/lits_108.pt,lits_108
225,/s/fran_storage/datasets/preprocessed/fixed_spacing/litsmc/spc_080_080_150/images/drli_068.pt,/s/fran_storage/datasets/preprocessed/fixed_spacing/litsmc/spc_080_080_150/lms/drli_068.pt,drli_068
226,/s/fran_storage/datasets/preprocessed/fixed_spacing/litsmc/spc_080_080_150/images/litqsmall_00024.pt,/s/fran_storage/datasets/preprocessed/fixed_spacing/litsmc/spc_080_080_150/lms/litqsmall_00024.pt,litqsmall_00024
227,/s/fran_storage/datasets/preprocessed/fixed_spacing/litsmc/spc_080_080_150/images/lits_26ub.pt,/s/fran_storage/datasets/preprocessed/fixed_spacing/litsmc/spc_080_080_150/lms/lits_26ub.pt,lits_26ub
228,/s/fran_storage/datasets/preprocessed/fixed_spacing/litsmc/spc_080_080_150/images/lits_57.pt,/s/fran_storage/datasets/preprocessed/fixed_spacing/litsmc/spc_080_080_150/lms/lits_57.pt,lits_57
229,/s/fran_storage/datasets/preprocessed/fixed_spacing/litsmc/spc_080_080_150/images/litqsmall_00003.pt,/s/fran_storage/datasets/preprocessed/fixed_spacing/litsmc/spc_080_080_150/lms/litqsmall_00003.pt,litqsmall_00003
230,/s/fran_storage/datasets/preprocessed/fixed_spacing/litsmc/spc_080_080_150/images/lits_53.pt,/s/fran_storage/datasets/preprocessed/fixed_spacing/litsmc/spc_080_080_150/lms/lits_53.pt,lits_53
231,/s/fran_storage/datasets/preprocessed/fixed_spacing/litsmc/spc_080_080_150/images/drli_013.pt,/s/fran_storage/datasets/preprocessed/fixed_spacing/litsmc/spc_080_080_150/lms/drli_013.pt,drli_013
232,/s/fran_storage/datasets/preprocessed/fixed_spacing/litsmc/spc_080_080_150/images/drli_025.pt,/s/fran_storage/datasets/preprocessed/fixed_spacing/litsmc/spc_080_080_150/lms/drli_025.pt,drli_025
233,/s/fran_storage/datasets/preprocessed/fixed_spacing/litsmc/spc_080_080_150/images/lits_1ub.pt,/s/fran_storage/datasets/preprocessed/fixed_spacing/litsmc/spc_080_080_150/lms/lits_1ub.pt,lits_1ub
234,/s/fran_storage/datasets/preprocessed/fixed_spacing/litsmc/spc_080_080_150/images/drli_006.pt,/s/fran_storage/datasets/preprocessed/fixed_spacing/litsmc/spc_080_080_150/lms/drli_006.pt,drli_006
235,/s/fran_storage/datasets/preprocessed/fixed_spacing/litsmc/spc_080_080_150/images/litqsmall_00044.pt,/s/fran_storage/datasets/preprocessed/fixed_spacing/litsmc/spc_080_080_150/lms/litqsmall_00044.pt,litqsmall_00044
236,/s/fran_storage/datasets/preprocessed/fixed_spacing/litsmc/spc_080_080_150/images/litqsmall_00036.pt,/s/fran_storage/datasets/preprocessed/fixed_spacing/litsmc/spc_080_080_150/lms/litqsmall_00036.pt,litqsmall_00036
237,/s/fran_storage/datasets/preprocessed/fixed_spacing/litsmc/spc_080_080_150/images/drli_003.pt,/s/fran_storage/datasets/preprocessed/fixed_spacing/litsmc/spc_080_080_150/lms/drli_003.pt,drli_003
238,/s/fran_storage/datasets/preprocessed/fixed_spacing/litsmc/spc_080_080_150/images/litqsmall_00016.pt,/s/fran_storage/datasets/preprocessed/fixed_spacing/litsmc/spc_080_080_150/lms/litqsmall_00016.pt,litqsmall_00016
239,/s/fran_storage/datasets/preprocessed/fixed_spacing/litsmc/spc_080_080_150/images/lits_113ub.pt,/s/fran_storage/datasets/preprocessed/fixed_spacing/litsmc/spc_080_080_150/lms/lits_113ub.pt,lits_113ub
240,/s/fran_storage/datasets/preprocessed/fixed_spacing/litsmc/spc_080_080_150/images/litq_48_20200107.pt,/s/fran_storage/datasets/preprocessed/fixed_spacing/litsmc/spc_080_080_150/lms/litq_48_20200107.pt,litq_48
241,/s/fran_storage/datasets/preprocessed/fixed_spacing/litsmc/spc_080_080_150/images/lits_58.pt,/s/fran_storage/datasets/preprocessed/fixed_spacing/litsmc/spc_080_080_150/lms/lits_58.pt,lits_58
242,/s/fran_storage/datasets/preprocessed/fixed_spacing/litsmc/spc_080_080_150/images/litqsmall_00004.pt,/s/fran_storage/datasets/preprocessed/fixed_spacing/litsmc/spc_080_080_150/lms/litqsmall_00004.pt,litqsmall_00004
