grad_norm,fns
5.033906563767232e-05,/r/datasets/preprocessed/litsmc/lbd/spc_080_080_150_plan7/images/litq_48_20200107.pt
2.296023740200326e-05,/r/datasets/preprocessed/litsmc/lbd/spc_080_080_150_plan7/images/litq_48_20200107.pt
0.00020938996749464422,/r/datasets/preprocessed/litsmc/lbd/spc_080_080_150_plan7/images/litq_41b_20221122.pt
0.0003662023227661848,/r/datasets/preprocessed/litsmc/lbd/spc_080_080_150_plan7/images/litq_41b_20221122.pt
3.143707363051362e-05,/r/datasets/preprocessed/litsmc/lbd/spc_080_080_150_plan7/images/litq_60_20190729.pt
2.389948167547118e-05,/r/datasets/preprocessed/litsmc/lbd/spc_080_080_150_plan7/images/litq_60_20190729.pt
2.5466619263170287e-05,/r/datasets/preprocessed/litsmc/lbd/spc_080_080_150_plan7/images/litq_72b_20170224.pt
2.0972604033886455e-05,/r/datasets/preprocessed/litsmc/lbd/spc_080_080_150_plan7/images/litq_72b_20170224.pt
3.4011937146902205e-13,/r/datasets/preprocessed/litsmc/lbd/spc_080_080_150_plan7/images/litq_33_20200923.pt
3.163643486914225e-05,/r/datasets/preprocessed/litsmc/lbd/spc_080_080_150_plan7/images/litq_33_20200923.pt
3.097770968452096e-05,/r/datasets/preprocessed/litsmc/lbd/spc_080_080_150_plan7/images/litq_76_20210528.pt
3.7414050893858075e-05,/r/datasets/preprocessed/litsmc/lbd/spc_080_080_150_plan7/images/litq_76_20210528.pt
2.6927331418846734e-05,/r/datasets/preprocessed/litsmc/lbd/spc_080_080_150_plan7/images/litq_72_20161221.pt
2.4472545192111284e-05,/r/datasets/preprocessed/litsmc/lbd/spc_080_080_150_plan7/images/litq_72_20161221.pt
4.1019146010512486e-05,/r/datasets/preprocessed/litsmc/lbd/spc_080_080_150_plan7/images/litq_40_20171117.pt
1.4457587894867174e-05,/r/datasets/preprocessed/litsmc/lbd/spc_080_080_150_plan7/images/litq_40_20171117.pt
3.62874852726236e-05,/r/datasets/preprocessed/litsmc/lbd/spc_080_080_150_plan7/images/litq_15_20190809.pt
4.0932111005531624e-05,/r/datasets/preprocessed/litsmc/lbd/spc_080_080_150_plan7/images/litq_15_20190809.pt
2.755266905296594e-05,/r/datasets/preprocessed/litsmc/lbd/spc_080_080_150_plan7/images/litq_44_20190909.pt
4.049346171086654e-05,/r/datasets/preprocessed/litsmc/lbd/spc_080_080_150_plan7/images/litq_44_20190909.pt
2.3706523279543035e-05,/r/datasets/preprocessed/litsmc/lbd/spc_080_080_150_plan7/images/litq_41_20210112.pt
1.5197832908597775e-05,/r/datasets/preprocessed/litsmc/lbd/spc_080_080_150_plan7/images/litq_41_20210112.pt
4.120236917515285e-05,/r/datasets/preprocessed/litsmc/lbd/spc_080_080_150_plan7/images/litq_71_20191010.pt
2.4461665816488676e-05,/r/datasets/preprocessed/litsmc/lbd/spc_080_080_150_plan7/images/litq_71_20191010.pt
5.2245333790779114e-05,/r/datasets/preprocessed/litsmc/lbd/spc_080_080_150_plan7/images/litq_77_20210306.pt
1.5939416698529385e-05,/r/datasets/preprocessed/litsmc/lbd/spc_080_080_150_plan7/images/litq_77_20210306.pt
8.215563866542652e-05,/r/datasets/preprocessed/litsmc/lbd/spc_080_080_150_plan7/images/litq_49_20171222.pt
2.8678865419351496e-05,/r/datasets/preprocessed/litsmc/lbd/spc_080_080_150_plan7/images/litq_49_20171222.pt
1.5666972103645094e-05,/r/datasets/preprocessed/litsmc/lbd/spc_080_080_150_plan7/images/litq_11_20190927.pt
3.3712483855197206e-05,/r/datasets/preprocessed/litsmc/lbd/spc_080_080_150_plan7/images/litq_11_20190927.pt
4.67610007035546e-05,/r/datasets/preprocessed/litsmc/lbd/spc_080_080_150_plan7/images/litq_50_20190716.pt
1.2903544302389491e-05,/r/datasets/preprocessed/litsmc/lbd/spc_080_080_150_plan7/images/litq_50_20190716.pt
3.821784775936976e-05,/r/datasets/preprocessed/litsmc/lbd/spc_080_080_150_plan7/images/litq_31_20220826.pt
5.316613896866329e-05,/r/datasets/preprocessed/litsmc/lbd/spc_080_080_150_plan7/images/litq_31_20220826.pt
4.485879617277533e-05,/r/datasets/preprocessed/litsmc/lbd/spc_080_080_150_plan7/images/litq_pt5_20200117.pt
1.0396845027571544e-05,/r/datasets/preprocessed/litsmc/lbd/spc_080_080_150_plan7/images/litq_pt5_20200117.pt
3.411996294744313e-05,/r/datasets/preprocessed/litsmc/lbd/spc_080_080_150_plan7/images/litq_47_20200217.pt
7.700375135755166e-05,/r/datasets/preprocessed/litsmc/lbd/spc_080_080_150_plan7/images/litq_47_20200217.pt
4.4359589082887396e-05,/r/datasets/preprocessed/litsmc/lbd/spc_080_080_150_plan7/images/litq_46_20190917.pt
5.075199806015007e-05,/r/datasets/preprocessed/litsmc/lbd/spc_080_080_150_plan7/images/litq_46_20190917.pt
9.693545507616363e-06,/r/datasets/preprocessed/litsmc/lbd/spc_080_080_150_plan7/images/litqsmall_00016.pt
1.0470833331055474e-05,/r/datasets/preprocessed/litsmc/lbd/spc_080_080_150_plan7/images/litqsmall_00016.pt
4.1957205212384e-06,/r/datasets/preprocessed/litsmc/lbd/spc_080_080_150_plan7/images/litqsmall_00033.pt
2.178024260501843e-05,/r/datasets/preprocessed/litsmc/lbd/spc_080_080_150_plan7/images/litqsmall_00033.pt
1.0037296306109056e-05,/r/datasets/preprocessed/litsmc/lbd/spc_080_080_150_plan7/images/litqsmall_00001.pt
1.072019585990347e-05,/r/datasets/preprocessed/litsmc/lbd/spc_080_080_150_plan7/images/litqsmall_00001.pt
7.118066150724189e-06,/r/datasets/preprocessed/litsmc/lbd/spc_080_080_150_plan7/images/litqsmall_00000.pt
1.0503056728339288e-05,/r/datasets/preprocessed/litsmc/lbd/spc_080_080_150_plan7/images/litqsmall_00000.pt
1.3906565982324537e-05,/r/datasets/preprocessed/litsmc/lbd/spc_080_080_150_plan7/images/litqsmall_00027.pt
1.3475205378199462e-05,/r/datasets/preprocessed/litsmc/lbd/spc_080_080_150_plan7/images/litqsmall_00027.pt
2.1313742763595656e-05,/r/datasets/preprocessed/litsmc/lbd/spc_080_080_150_plan7/images/litqsmall_00036.pt
2.731609311013017e-05,/r/datasets/preprocessed/litsmc/lbd/spc_080_080_150_plan7/images/litqsmall_00036.pt
5.148226409801282e-05,/r/datasets/preprocessed/litsmc/lbd/spc_080_080_150_plan7/images/litqsmall_00004.pt
3.383764487807639e-05,/r/datasets/preprocessed/litsmc/lbd/spc_080_080_150_plan7/images/litqsmall_00004.pt
1.6468093235744163e-05,/r/datasets/preprocessed/litsmc/lbd/spc_080_080_150_plan7/images/litqsmall_00003.pt
1.547262399981264e-05,/r/datasets/preprocessed/litsmc/lbd/spc_080_080_150_plan7/images/litqsmall_00003.pt
2.7209893232793547e-05,/r/datasets/preprocessed/litsmc/lbd/spc_080_080_150_plan7/images/litqsmall_00037.pt
2.5405315682291985e-05,/r/datasets/preprocessed/litsmc/lbd/spc_080_080_150_plan7/images/litqsmall_00037.pt
1.916645487654023e-05,/r/datasets/preprocessed/litsmc/lbd/spc_080_080_150_plan7/images/litqsmall_00005.pt
2.3636363039258868e-05,/r/datasets/preprocessed/litsmc/lbd/spc_080_080_150_plan7/images/litqsmall_00005.pt
3.237797864130698e-05,/r/datasets/preprocessed/litsmc/lbd/spc_080_080_150_plan7/images/litqsmall_00017.pt
2.5037721570697613e-05,/r/datasets/preprocessed/litsmc/lbd/spc_080_080_150_plan7/images/litqsmall_00017.pt
9.774798158390663e-13,/r/datasets/preprocessed/litsmc/lbd/spc_080_080_150_plan7/images/litqsmall_00044.pt
2.5959830963984132e-05,/r/datasets/preprocessed/litsmc/lbd/spc_080_080_150_plan7/images/litqsmall_00044.pt
3.7055666325613856e-05,/r/datasets/preprocessed/litsmc/lbd/spc_080_080_150_plan7/images/litq_48_20200107.pt
3.079306043218821e-05,/r/datasets/preprocessed/litsmc/lbd/spc_080_080_150_plan7/images/litq_48_20200107.pt
2.7450178095023148e-05,/r/datasets/preprocessed/litsmc/lbd/spc_080_080_150_plan7/images/litq_41b_20221122.pt
2.4225919332820922e-05,/r/datasets/preprocessed/litsmc/lbd/spc_080_080_150_plan7/images/litq_41b_20221122.pt
5.235062417341396e-05,/r/datasets/preprocessed/litsmc/lbd/spc_080_080_150_plan7/images/litq_60_20190729.pt
3.443608875386417e-05,/r/datasets/preprocessed/litsmc/lbd/spc_080_080_150_plan7/images/litq_60_20190729.pt
9.163915819954127e-06,/r/datasets/preprocessed/litsmc/lbd/spc_080_080_150_plan7/images/litq_72b_20170224.pt
3.2519212254555896e-05,/r/datasets/preprocessed/litsmc/lbd/spc_080_080_150_plan7/images/litq_72b_20170224.pt
3.283023033873178e-05,/r/datasets/preprocessed/litsmc/lbd/spc_080_080_150_plan7/images/litq_33_20200923.pt
5.2099690947216004e-05,/r/datasets/preprocessed/litsmc/lbd/spc_080_080_150_plan7/images/litq_33_20200923.pt
6.0159843997098505e-05,/r/datasets/preprocessed/litsmc/lbd/spc_080_080_150_plan7/images/litq_76_20210528.pt
1.9348184650880285e-05,/r/datasets/preprocessed/litsmc/lbd/spc_080_080_150_plan7/images/litq_76_20210528.pt
4.43766730313655e-05,/r/datasets/preprocessed/litsmc/lbd/spc_080_080_150_plan7/images/litq_72_20161221.pt
1.8378776076133363e-05,/r/datasets/preprocessed/litsmc/lbd/spc_080_080_150_plan7/images/litq_72_20161221.pt
3.3295433240709826e-05,/r/datasets/preprocessed/litsmc/lbd/spc_080_080_150_plan7/images/litq_40_20171117.pt
2.831292113114614e-05,/r/datasets/preprocessed/litsmc/lbd/spc_080_080_150_plan7/images/litq_40_20171117.pt
1.0968823517032433e-05,/r/datasets/preprocessed/litsmc/lbd/spc_080_080_150_plan7/images/litq_15_20190809.pt
2.429183768981602e-05,/r/datasets/preprocessed/litsmc/lbd/spc_080_080_150_plan7/images/litq_15_20190809.pt
3.561612538760528e-05,/r/datasets/preprocessed/litsmc/lbd/spc_080_080_150_plan7/images/litq_44_20190909.pt
4.079762220499106e-05,/r/datasets/preprocessed/litsmc/lbd/spc_080_080_150_plan7/images/litq_44_20190909.pt
1.997145045606885e-05,/r/datasets/preprocessed/litsmc/lbd/spc_080_080_150_plan7/images/litq_41_20210112.pt
2.5371244191774167e-05,/r/datasets/preprocessed/litsmc/lbd/spc_080_080_150_plan7/images/litq_41_20210112.pt
2.1985519197187386e-05,/r/datasets/preprocessed/litsmc/lbd/spc_080_080_150_plan7/images/litq_71_20191010.pt
3.537078737281263e-05,/r/datasets/preprocessed/litsmc/lbd/spc_080_080_150_plan7/images/litq_71_20191010.pt
5.95696983509697e-05,/r/datasets/preprocessed/litsmc/lbd/spc_080_080_150_plan7/images/litq_77_20210306.pt
5.7948414905695245e-05,/r/datasets/preprocessed/litsmc/lbd/spc_080_080_150_plan7/images/litq_77_20210306.pt
3.959122841479257e-05,/r/datasets/preprocessed/litsmc/lbd/spc_080_080_150_plan7/images/litq_49_20171222.pt
2.9400816856650636e-05,/r/datasets/preprocessed/litsmc/lbd/spc_080_080_150_plan7/images/litq_49_20171222.pt
5.270746260066517e-05,/r/datasets/preprocessed/litsmc/lbd/spc_080_080_150_plan7/images/litq_11_20190927.pt
2.7169267923454754e-05,/r/datasets/preprocessed/litsmc/lbd/spc_080_080_150_plan7/images/litq_11_20190927.pt
2.0005316400784068e-05,/r/datasets/preprocessed/litsmc/lbd/spc_080_080_150_plan7/images/litq_50_20190716.pt
2.6497764338273555e-05,/r/datasets/preprocessed/litsmc/lbd/spc_080_080_150_plan7/images/litq_50_20190716.pt
5.597561539616436e-05,/r/datasets/preprocessed/litsmc/lbd/spc_080_080_150_plan7/images/litq_31_20220826.pt
3.37175588356331e-05,/r/datasets/preprocessed/litsmc/lbd/spc_080_080_150_plan7/images/litq_31_20220826.pt
8.011053432710469e-05,/r/datasets/preprocessed/litsmc/lbd/spc_080_080_150_plan7/images/litq_pt5_20200117.pt
5.048358434578404e-05,/r/datasets/preprocessed/litsmc/lbd/spc_080_080_150_plan7/images/litq_pt5_20200117.pt
2.7070360374636948e-05,/r/datasets/preprocessed/litsmc/lbd/spc_080_080_150_plan7/images/litq_47_20200217.pt
1.0507755177968647e-05,/r/datasets/preprocessed/litsmc/lbd/spc_080_080_150_plan7/images/litq_47_20200217.pt
1.2347637493803632e-05,/r/datasets/preprocessed/litsmc/lbd/spc_080_080_150_plan7/images/litq_46_20190917.pt
6.721538375131786e-05,/r/datasets/preprocessed/litsmc/lbd/spc_080_080_150_plan7/images/litq_46_20190917.pt
1.1172147424076684e-05,/r/datasets/preprocessed/litsmc/lbd/spc_080_080_150_plan7/images/litqsmall_00016.pt
1.6398131265304983e-05,/r/datasets/preprocessed/litsmc/lbd/spc_080_080_150_plan7/images/litqsmall_00016.pt
9.225985195371322e-06,/r/datasets/preprocessed/litsmc/lbd/spc_080_080_150_plan7/images/litqsmall_00033.pt
7.657290552742779e-05,/r/datasets/preprocessed/litsmc/lbd/spc_080_080_150_plan7/images/litqsmall_00033.pt
1.9651983166113496e-05,/r/datasets/preprocessed/litsmc/lbd/spc_080_080_150_plan7/images/litqsmall_00001.pt
4.716306648333557e-05,/r/datasets/preprocessed/litsmc/lbd/spc_080_080_150_plan7/images/litqsmall_00001.pt
1.1123978765681386e-05,/r/datasets/preprocessed/litsmc/lbd/spc_080_080_150_plan7/images/litqsmall_00000.pt
9.259466423827689e-06,/r/datasets/preprocessed/litsmc/lbd/spc_080_080_150_plan7/images/litqsmall_00000.pt
1.7131882486864924e-05,/r/datasets/preprocessed/litsmc/lbd/spc_080_080_150_plan7/images/litqsmall_00027.pt
1.0794662557600532e-05,/r/datasets/preprocessed/litsmc/lbd/spc_080_080_150_plan7/images/litqsmall_00027.pt
1.2622826943697874e-05,/r/datasets/preprocessed/litsmc/lbd/spc_080_080_150_plan7/images/litqsmall_00036.pt
1.7325348380836658e-05,/r/datasets/preprocessed/litsmc/lbd/spc_080_080_150_plan7/images/litqsmall_00036.pt
7.550816371804103e-05,/r/datasets/preprocessed/litsmc/lbd/spc_080_080_150_plan7/images/litqsmall_00004.pt
8.504183642799035e-05,/r/datasets/preprocessed/litsmc/lbd/spc_080_080_150_plan7/images/litqsmall_00004.pt
1.1481251931400038e-05,/r/datasets/preprocessed/litsmc/lbd/spc_080_080_150_plan7/images/litqsmall_00003.pt
8.395066288358066e-06,/r/datasets/preprocessed/litsmc/lbd/spc_080_080_150_plan7/images/litqsmall_00003.pt
2.3725871869828552e-05,/r/datasets/preprocessed/litsmc/lbd/spc_080_080_150_plan7/images/litqsmall_00037.pt
2.139236676157452e-05,/r/datasets/preprocessed/litsmc/lbd/spc_080_080_150_plan7/images/litqsmall_00037.pt
9.206073627865408e-06,/r/datasets/preprocessed/litsmc/lbd/spc_080_080_150_plan7/images/litqsmall_00005.pt
9.290931302530225e-06,/r/datasets/preprocessed/litsmc/lbd/spc_080_080_150_plan7/images/litqsmall_00005.pt
1.6087777112261392e-05,/r/datasets/preprocessed/litsmc/lbd/spc_080_080_150_plan7/images/litqsmall_00017.pt
4.44791157860891e-06,/r/datasets/preprocessed/litsmc/lbd/spc_080_080_150_plan7/images/litqsmall_00017.pt
1.1095477930211928e-05,/r/datasets/preprocessed/litsmc/lbd/spc_080_080_150_plan7/images/litqsmall_00044.pt
9.944148587237578e-06,/r/datasets/preprocessed/litsmc/lbd/spc_080_080_150_plan7/images/litqsmall_00044.pt
4.035379788547289e-06,/r/datasets/preprocessed/litsmc/lbd/spc_080_080_150_plan7/images/litq_48_20200107.pt
3.6968343920307234e-05,/r/datasets/preprocessed/litsmc/lbd/spc_080_080_150_plan7/images/litq_48_20200107.pt
1.402868474542629e-05,/r/datasets/preprocessed/litsmc/lbd/spc_080_080_150_plan7/images/litq_41b_20221122.pt
9.58575401455164e-06,/r/datasets/preprocessed/litsmc/lbd/spc_080_080_150_plan7/images/litq_41b_20221122.pt
5.635028355754912e-05,/r/datasets/preprocessed/litsmc/lbd/spc_080_080_150_plan7/images/litq_60_20190729.pt
7.469979027519003e-05,/r/datasets/preprocessed/litsmc/lbd/spc_080_080_150_plan7/images/litq_60_20190729.pt
1.9739169147214852e-05,/r/datasets/preprocessed/litsmc/lbd/spc_080_080_150_plan7/images/litq_72b_20170224.pt
2.823605065038759e-12,/r/datasets/preprocessed/litsmc/lbd/spc_080_080_150_plan7/images/litq_72b_20170224.pt
1.8740516679827124e-05,/r/datasets/preprocessed/litsmc/lbd/spc_080_080_150_plan7/images/litq_33_20200923.pt
5.319247065926902e-05,/r/datasets/preprocessed/litsmc/lbd/spc_080_080_150_plan7/images/litq_33_20200923.pt
4.2436855437699705e-05,/r/datasets/preprocessed/litsmc/lbd/spc_080_080_150_plan7/images/litq_76_20210528.pt
3.447415292612277e-05,/r/datasets/preprocessed/litsmc/lbd/spc_080_080_150_plan7/images/litq_76_20210528.pt
2.7833400963572785e-05,/r/datasets/preprocessed/litsmc/lbd/spc_080_080_150_plan7/images/litq_72_20161221.pt
5.184542169445194e-05,/r/datasets/preprocessed/litsmc/lbd/spc_080_080_150_plan7/images/litq_72_20161221.pt
1.697783955023624e-05,/r/datasets/preprocessed/litsmc/lbd/spc_080_080_150_plan7/images/litq_40_20171117.pt
1.802976657927502e-05,/r/datasets/preprocessed/litsmc/lbd/spc_080_080_150_plan7/images/litq_40_20171117.pt
1.602490920049604e-05,/r/datasets/preprocessed/litsmc/lbd/spc_080_080_150_plan7/images/litq_15_20190809.pt
2.3910566596896388e-05,/r/datasets/preprocessed/litsmc/lbd/spc_080_080_150_plan7/images/litq_15_20190809.pt
1.1950535736104939e-05,/r/datasets/preprocessed/litsmc/lbd/spc_080_080_150_plan7/images/litq_44_20190909.pt
1.6335705367964692e-05,/r/datasets/preprocessed/litsmc/lbd/spc_080_080_150_plan7/images/litq_44_20190909.pt
1.2380440239212476e-05,/r/datasets/preprocessed/litsmc/lbd/spc_080_080_150_plan7/images/litq_41_20210112.pt
1.744557448546402e-05,/r/datasets/preprocessed/litsmc/lbd/spc_080_080_150_plan7/images/litq_41_20210112.pt
3.497317447909154e-05,/r/datasets/preprocessed/litsmc/lbd/spc_080_080_150_plan7/images/litq_71_20191010.pt
5.1386465202085674e-05,/r/datasets/preprocessed/litsmc/lbd/spc_080_080_150_plan7/images/litq_71_20191010.pt
5.844620318384841e-05,/r/datasets/preprocessed/litsmc/lbd/spc_080_080_150_plan7/images/litq_77_20210306.pt
4.104786421521567e-05,/r/datasets/preprocessed/litsmc/lbd/spc_080_080_150_plan7/images/litq_77_20210306.pt
4.3338317482266575e-05,/r/datasets/preprocessed/litsmc/lbd/spc_080_080_150_plan7/images/litq_49_20171222.pt
7.625699072377756e-05,/r/datasets/preprocessed/litsmc/lbd/spc_080_080_150_plan7/images/litq_49_20171222.pt
1.8746261048363522e-05,/r/datasets/preprocessed/litsmc/lbd/spc_080_080_150_plan7/images/litq_11_20190927.pt
3.577510506147519e-05,/r/datasets/preprocessed/litsmc/lbd/spc_080_080_150_plan7/images/litq_11_20190927.pt
7.123811519704759e-05,/r/datasets/preprocessed/litsmc/lbd/spc_080_080_150_plan7/images/litq_50_20190716.pt
1.130053624365246e-05,/r/datasets/preprocessed/litsmc/lbd/spc_080_080_150_plan7/images/litq_50_20190716.pt
7.105708937160671e-05,/r/datasets/preprocessed/litsmc/lbd/spc_080_080_150_plan7/images/litq_31_20220826.pt
7.624507998116314e-05,/r/datasets/preprocessed/litsmc/lbd/spc_080_080_150_plan7/images/litq_31_20220826.pt
9.962286276277155e-05,/r/datasets/preprocessed/litsmc/lbd/spc_080_080_150_plan7/images/litq_pt5_20200117.pt
1.0418852070870344e-05,/r/datasets/preprocessed/litsmc/lbd/spc_080_080_150_plan7/images/litq_pt5_20200117.pt
4.375245771370828e-05,/r/datasets/preprocessed/litsmc/lbd/spc_080_080_150_plan7/images/litq_47_20200217.pt
0.0001433581201126799,/r/datasets/preprocessed/litsmc/lbd/spc_080_080_150_plan7/images/litq_47_20200217.pt
0.0001074019746738486,/r/datasets/preprocessed/litsmc/lbd/spc_080_080_150_plan7/images/litq_46_20190917.pt
5.807918932987377e-05,/r/datasets/preprocessed/litsmc/lbd/spc_080_080_150_plan7/images/litq_46_20190917.pt
7.673984327993821e-06,/r/datasets/preprocessed/litsmc/lbd/spc_080_080_150_plan7/images/litqsmall_00016.pt
9.059648618858773e-06,/r/datasets/preprocessed/litsmc/lbd/spc_080_080_150_plan7/images/litqsmall_00016.pt
6.575407314812765e-05,/r/datasets/preprocessed/litsmc/lbd/spc_080_080_150_plan7/images/litqsmall_00033.pt
5.6205910368589684e-05,/r/datasets/preprocessed/litsmc/lbd/spc_080_080_150_plan7/images/litqsmall_00033.pt
3.858386480715126e-05,/r/datasets/preprocessed/litsmc/lbd/spc_080_080_150_plan7/images/litqsmall_00001.pt
1.0580258276604582e-05,/r/datasets/preprocessed/litsmc/lbd/spc_080_080_150_plan7/images/litqsmall_00001.pt
1.1714774700521957e-05,/r/datasets/preprocessed/litsmc/lbd/spc_080_080_150_plan7/images/litqsmall_00000.pt
1.4038972949492745e-05,/r/datasets/preprocessed/litsmc/lbd/spc_080_080_150_plan7/images/litqsmall_00000.pt
6.636496254941449e-05,/r/datasets/preprocessed/litsmc/lbd/spc_080_080_150_plan7/images/litqsmall_00027.pt
9.262141247745603e-06,/r/datasets/preprocessed/litsmc/lbd/spc_080_080_150_plan7/images/litqsmall_00027.pt
2.1959140212857164e-05,/r/datasets/preprocessed/litsmc/lbd/spc_080_080_150_plan7/images/litqsmall_00036.pt
2.443283847242128e-05,/r/datasets/preprocessed/litsmc/lbd/spc_080_080_150_plan7/images/litqsmall_00036.pt
8.384973625652492e-05,/r/datasets/preprocessed/litsmc/lbd/spc_080_080_150_plan7/images/litqsmall_00004.pt
8.100985724013299e-06,/r/datasets/preprocessed/litsmc/lbd/spc_080_080_150_plan7/images/litqsmall_00004.pt
1.1191103112651035e-05,/r/datasets/preprocessed/litsmc/lbd/spc_080_080_150_plan7/images/litqsmall_00003.pt
7.850054316804744e-06,/r/datasets/preprocessed/litsmc/lbd/spc_080_080_150_plan7/images/litqsmall_00003.pt
1.6526595572941005e-05,/r/datasets/preprocessed/litsmc/lbd/spc_080_080_150_plan7/images/litqsmall_00037.pt
3.790890332311392e-05,/r/datasets/preprocessed/litsmc/lbd/spc_080_080_150_plan7/images/litqsmall_00037.pt
5.9996302297804505e-05,/r/datasets/preprocessed/litsmc/lbd/spc_080_080_150_plan7/images/litqsmall_00005.pt
1.13426740426803e-05,/r/datasets/preprocessed/litsmc/lbd/spc_080_080_150_plan7/images/litqsmall_00005.pt
2.2571737645193934e-05,/r/datasets/preprocessed/litsmc/lbd/spc_080_080_150_plan7/images/litqsmall_00017.pt
9.266004781238735e-06,/r/datasets/preprocessed/litsmc/lbd/spc_080_080_150_plan7/images/litqsmall_00017.pt
8.943099601310678e-06,/r/datasets/preprocessed/litsmc/lbd/spc_080_080_150_plan7/images/litqsmall_00044.pt
8.269513273262419e-06,/r/datasets/preprocessed/litsmc/lbd/spc_080_080_150_plan7/images/litqsmall_00044.pt
4.714958049589768e-05,/r/datasets/preprocessed/litsmc/lbd/spc_080_080_150_plan7/images/litq_48_20200107.pt
2.4983901312225498e-05,/r/datasets/preprocessed/litsmc/lbd/spc_080_080_150_plan7/images/litq_48_20200107.pt
1.2050848454236984e-05,/r/datasets/preprocessed/litsmc/lbd/spc_080_080_150_plan7/images/litq_41b_20221122.pt
1.6187499568331987e-05,/r/datasets/preprocessed/litsmc/lbd/spc_080_080_150_plan7/images/litq_41b_20221122.pt
7.673037180211395e-05,/r/datasets/preprocessed/litsmc/lbd/spc_080_080_150_plan7/images/litq_60_20190729.pt
5.80777159484569e-05,/r/datasets/preprocessed/litsmc/lbd/spc_080_080_150_plan7/images/litq_60_20190729.pt
6.778712122468278e-05,/r/datasets/preprocessed/litsmc/lbd/spc_080_080_150_plan7/images/litq_72b_20170224.pt
7.045531674521044e-05,/r/datasets/preprocessed/litsmc/lbd/spc_080_080_150_plan7/images/litq_72b_20170224.pt
5.5315366002950395e-12,/r/datasets/preprocessed/litsmc/lbd/spc_080_080_150_plan7/images/litq_33_20200923.pt
8.23337904876098e-06,/r/datasets/preprocessed/litsmc/lbd/spc_080_080_150_plan7/images/litq_33_20200923.pt
2.4565819330746308e-05,/r/datasets/preprocessed/litsmc/lbd/spc_080_080_150_plan7/images/litq_76_20210528.pt
4.844777504331432e-05,/r/datasets/preprocessed/litsmc/lbd/spc_080_080_150_plan7/images/litq_76_20210528.pt
1.2967858310730662e-05,/r/datasets/preprocessed/litsmc/lbd/spc_080_080_150_plan7/images/litq_72_20161221.pt
5.43731584912166e-05,/r/datasets/preprocessed/litsmc/lbd/spc_080_080_150_plan7/images/litq_72_20161221.pt
1.5034783245937433e-05,/r/datasets/preprocessed/litsmc/lbd/spc_080_080_150_plan7/images/litq_40_20171117.pt
4.7332345275208354e-05,/r/datasets/preprocessed/litsmc/lbd/spc_080_080_150_plan7/images/litq_40_20171117.pt
6.641249638050795e-05,/r/datasets/preprocessed/litsmc/lbd/spc_080_080_150_plan7/images/litq_15_20190809.pt
1.4406406080524903e-05,/r/datasets/preprocessed/litsmc/lbd/spc_080_080_150_plan7/images/litq_15_20190809.pt
2.1947622371953912e-05,/r/datasets/preprocessed/litsmc/lbd/spc_080_080_150_plan7/images/litq_44_20190909.pt
0.00010159712837776169,/r/datasets/preprocessed/litsmc/lbd/spc_080_080_150_plan7/images/litq_44_20190909.pt
1.9084891391685233e-05,/r/datasets/preprocessed/litsmc/lbd/spc_080_080_150_plan7/images/litq_41_20210112.pt
1.5693627574364655e-05,/r/datasets/preprocessed/litsmc/lbd/spc_080_080_150_plan7/images/litq_41_20210112.pt
4.69226433779113e-05,/r/datasets/preprocessed/litsmc/lbd/spc_080_080_150_plan7/images/litq_71_20191010.pt
6.200058123795316e-05,/r/datasets/preprocessed/litsmc/lbd/spc_080_080_150_plan7/images/litq_71_20191010.pt
8.741253986954689e-05,/r/datasets/preprocessed/litsmc/lbd/spc_080_080_150_plan7/images/litq_77_20210306.pt
8.60725631355308e-05,/r/datasets/preprocessed/litsmc/lbd/spc_080_080_150_plan7/images/litq_77_20210306.pt
7.472535799024627e-05,/r/datasets/preprocessed/litsmc/lbd/spc_080_080_150_plan7/images/litq_49_20171222.pt
5.032888293499127e-05,/r/datasets/preprocessed/litsmc/lbd/spc_080_080_150_plan7/images/litq_49_20171222.pt
2.368432433286216e-05,/r/datasets/preprocessed/litsmc/lbd/spc_080_080_150_plan7/images/litq_11_20190927.pt
1.7647616914473474e-05,/r/datasets/preprocessed/litsmc/lbd/spc_080_080_150_plan7/images/litq_11_20190927.pt
5.424701885203831e-05,/r/datasets/preprocessed/litsmc/lbd/spc_080_080_150_plan7/images/litq_50_20190716.pt
4.014023579657078e-05,/r/datasets/preprocessed/litsmc/lbd/spc_080_080_150_plan7/images/litq_50_20190716.pt
5.409344521467574e-05,/r/datasets/preprocessed/litsmc/lbd/spc_080_080_150_plan7/images/litq_31_20220826.pt
4.244977026246488e-05,/r/datasets/preprocessed/litsmc/lbd/spc_080_080_150_plan7/images/litq_31_20220826.pt
3.078881491092034e-05,/r/datasets/preprocessed/litsmc/lbd/spc_080_080_150_plan7/images/litq_pt5_20200117.pt
1.2388672985252924e-05,/r/datasets/preprocessed/litsmc/lbd/spc_080_080_150_plan7/images/litq_pt5_20200117.pt
5.812944800709374e-05,/r/datasets/preprocessed/litsmc/lbd/spc_080_080_150_plan7/images/litq_47_20200217.pt
1.3192074220569339e-05,/r/datasets/preprocessed/litsmc/lbd/spc_080_080_150_plan7/images/litq_47_20200217.pt
7.747409108560532e-05,/r/datasets/preprocessed/litsmc/lbd/spc_080_080_150_plan7/images/litq_46_20190917.pt
8.048440213315189e-05,/r/datasets/preprocessed/litsmc/lbd/spc_080_080_150_plan7/images/litq_46_20190917.pt
1.8860730051528662e-05,/r/datasets/preprocessed/litsmc/lbd/spc_080_080_150_plan7/images/litqsmall_00016.pt
1.0824237506312784e-05,/r/datasets/preprocessed/litsmc/lbd/spc_080_080_150_plan7/images/litqsmall_00016.pt
5.588587555394042e-06,/r/datasets/preprocessed/litsmc/lbd/spc_080_080_150_plan7/images/litqsmall_00033.pt
3.577117604436353e-05,/r/datasets/preprocessed/litsmc/lbd/spc_080_080_150_plan7/images/litqsmall_00033.pt
1.0070190910482779e-05,/r/datasets/preprocessed/litsmc/lbd/spc_080_080_150_plan7/images/litqsmall_00001.pt
1.108563992602285e-05,/r/datasets/preprocessed/litsmc/lbd/spc_080_080_150_plan7/images/litqsmall_00001.pt
1.1222257853660267e-05,/r/datasets/preprocessed/litsmc/lbd/spc_080_080_150_plan7/images/litqsmall_00000.pt
9.260989827453159e-06,/r/datasets/preprocessed/litsmc/lbd/spc_080_080_150_plan7/images/litqsmall_00000.pt
1.0908019248745404e-05,/r/datasets/preprocessed/litsmc/lbd/spc_080_080_150_plan7/images/litqsmall_00027.pt
1.4178507626638748e-05,/r/datasets/preprocessed/litsmc/lbd/spc_080_080_150_plan7/images/litqsmall_00027.pt
8.206598977267276e-06,/r/datasets/preprocessed/litsmc/lbd/spc_080_080_150_plan7/images/litqsmall_00036.pt
1.015651196212275e-05,/r/datasets/preprocessed/litsmc/lbd/spc_080_080_150_plan7/images/litqsmall_00036.pt
1.248200442205416e-05,/r/datasets/preprocessed/litsmc/lbd/spc_080_080_150_plan7/images/litqsmall_00004.pt
1.3880182450520806e-05,/r/datasets/preprocessed/litsmc/lbd/spc_080_080_150_plan7/images/litqsmall_00004.pt
8.006977623153944e-06,/r/datasets/preprocessed/litsmc/lbd/spc_080_080_150_plan7/images/litqsmall_00003.pt
7.090538019838277e-06,/r/datasets/preprocessed/litsmc/lbd/spc_080_080_150_plan7/images/litqsmall_00003.pt
2.1039410057710484e-05,/r/datasets/preprocessed/litsmc/lbd/spc_080_080_150_plan7/images/litqsmall_00037.pt
2.2191185053088702e-05,/r/datasets/preprocessed/litsmc/lbd/spc_080_080_150_plan7/images/litqsmall_00037.pt
1.1475321116449777e-05,/r/datasets/preprocessed/litsmc/lbd/spc_080_080_150_plan7/images/litqsmall_00005.pt
7.110831120371586e-06,/r/datasets/preprocessed/litsmc/lbd/spc_080_080_150_plan7/images/litqsmall_00005.pt
1.4732069757883437e-05,/r/datasets/preprocessed/litsmc/lbd/spc_080_080_150_plan7/images/litqsmall_00017.pt
7.460121651092777e-06,/r/datasets/preprocessed/litsmc/lbd/spc_080_080_150_plan7/images/litqsmall_00017.pt
6.929112259967951e-06,/r/datasets/preprocessed/litsmc/lbd/spc_080_080_150_plan7/images/litqsmall_00044.pt
8.55095095175784e-06,/r/datasets/preprocessed/litsmc/lbd/spc_080_080_150_plan7/images/litqsmall_00044.pt
3.482891770545393e-05,/r/datasets/preprocessed/litsmc/lbd/spc_080_080_150_plan7/images/litq_48_20200107.pt
4.362341860542074e-05,/r/datasets/preprocessed/litsmc/lbd/spc_080_080_150_plan7/images/litq_48_20200107.pt
2.67067789536668e-05,/r/datasets/preprocessed/litsmc/lbd/spc_080_080_150_plan7/images/litq_41b_20221122.pt
8.401112609135453e-06,/r/datasets/preprocessed/litsmc/lbd/spc_080_080_150_plan7/images/litq_41b_20221122.pt
0.00010183477570535615,/r/datasets/preprocessed/litsmc/lbd/spc_080_080_150_plan7/images/litq_60_20190729.pt
8.369528222829103e-05,/r/datasets/preprocessed/litsmc/lbd/spc_080_080_150_plan7/images/litq_60_20190729.pt
1.6886982848518528e-05,/r/datasets/preprocessed/litsmc/lbd/spc_080_080_150_plan7/images/litq_72b_20170224.pt
8.115600940072909e-05,/r/datasets/preprocessed/litsmc/lbd/spc_080_080_150_plan7/images/litq_72b_20170224.pt
6.616108294110745e-05,/r/datasets/preprocessed/litsmc/lbd/spc_080_080_150_plan7/images/litq_33_20200923.pt
4.1112027247436345e-05,/r/datasets/preprocessed/litsmc/lbd/spc_080_080_150_plan7/images/litq_33_20200923.pt
5.729793701902963e-05,/r/datasets/preprocessed/litsmc/lbd/spc_080_080_150_plan7/images/litq_76_20210528.pt
8.5120351286605e-05,/r/datasets/preprocessed/litsmc/lbd/spc_080_080_150_plan7/images/litq_76_20210528.pt
8.9667082647793e-05,/r/datasets/preprocessed/litsmc/lbd/spc_080_080_150_plan7/images/litq_72_20161221.pt
7.900907803559676e-05,/r/datasets/preprocessed/litsmc/lbd/spc_080_080_150_plan7/images/litq_72_20161221.pt
0.00010304964234819636,/r/datasets/preprocessed/litsmc/lbd/spc_080_080_150_plan7/images/litq_40_20171117.pt
8.131872891681269e-05,/r/datasets/preprocessed/litsmc/lbd/spc_080_080_150_plan7/images/litq_40_20171117.pt
2.218014924437739e-05,/r/datasets/preprocessed/litsmc/lbd/spc_080_080_150_plan7/images/litq_15_20190809.pt
6.072695759939961e-05,/r/datasets/preprocessed/litsmc/lbd/spc_080_080_150_plan7/images/litq_15_20190809.pt
6.667275738436729e-05,/r/datasets/preprocessed/litsmc/lbd/spc_080_080_150_plan7/images/litq_44_20190909.pt
0.00014256485155783594,/r/datasets/preprocessed/litsmc/lbd/spc_080_080_150_plan7/images/litq_44_20190909.pt
3.3878393878694624e-05,/r/datasets/preprocessed/litsmc/lbd/spc_080_080_150_plan7/images/litq_41_20210112.pt
2.015405880229082e-05,/r/datasets/preprocessed/litsmc/lbd/spc_080_080_150_plan7/images/litq_41_20210112.pt
4.1606082959333435e-05,/r/datasets/preprocessed/litsmc/lbd/spc_080_080_150_plan7/images/litq_71_20191010.pt
5.7748107792576775e-05,/r/datasets/preprocessed/litsmc/lbd/spc_080_080_150_plan7/images/litq_71_20191010.pt
7.767088391119614e-05,/r/datasets/preprocessed/litsmc/lbd/spc_080_080_150_plan7/images/litq_77_20210306.pt
5.979631532682106e-05,/r/datasets/preprocessed/litsmc/lbd/spc_080_080_150_plan7/images/litq_77_20210306.pt
7.284805178642273e-05,/r/datasets/preprocessed/litsmc/lbd/spc_080_080_150_plan7/images/litq_49_20171222.pt
8.028651791391894e-05,/r/datasets/preprocessed/litsmc/lbd/spc_080_080_150_plan7/images/litq_49_20171222.pt
1.619138492969796e-05,/r/datasets/preprocessed/litsmc/lbd/spc_080_080_150_plan7/images/litq_11_20190927.pt
1.7134223526227288e-05,/r/datasets/preprocessed/litsmc/lbd/spc_080_080_150_plan7/images/litq_11_20190927.pt
4.048703340231441e-05,/r/datasets/preprocessed/litsmc/lbd/spc_080_080_150_plan7/images/litq_50_20190716.pt
2.3376922399620526e-05,/r/datasets/preprocessed/litsmc/lbd/spc_080_080_150_plan7/images/litq_50_20190716.pt
4.522706876741722e-05,/r/datasets/preprocessed/litsmc/lbd/spc_080_080_150_plan7/images/litq_31_20220826.pt
4.6230448788264766e-05,/r/datasets/preprocessed/litsmc/lbd/spc_080_080_150_plan7/images/litq_31_20220826.pt
8.276941116491798e-06,/r/datasets/preprocessed/litsmc/lbd/spc_080_080_150_plan7/images/litq_pt5_20200117.pt
2.0290610336815007e-05,/r/datasets/preprocessed/litsmc/lbd/spc_080_080_150_plan7/images/litq_pt5_20200117.pt
4.209531471133232e-05,/r/datasets/preprocessed/litsmc/lbd/spc_080_080_150_plan7/images/litq_47_20200217.pt
3.543958882801235e-05,/r/datasets/preprocessed/litsmc/lbd/spc_080_080_150_plan7/images/litq_47_20200217.pt
5.113698716741055e-05,/r/datasets/preprocessed/litsmc/lbd/spc_080_080_150_plan7/images/litq_46_20190917.pt
4.416624142322689e-05,/r/datasets/preprocessed/litsmc/lbd/spc_080_080_150_plan7/images/litq_46_20190917.pt
1.152838103735121e-05,/r/datasets/preprocessed/litsmc/lbd/spc_080_080_150_plan7/images/litqsmall_00016.pt
2.3778675313224085e-05,/r/datasets/preprocessed/litsmc/lbd/spc_080_080_150_plan7/images/litqsmall_00016.pt
6.135687726782635e-05,/r/datasets/preprocessed/litsmc/lbd/spc_080_080_150_plan7/images/litqsmall_00033.pt
3.3241045457543805e-05,/r/datasets/preprocessed/litsmc/lbd/spc_080_080_150_plan7/images/litqsmall_00033.pt
2.139142634405289e-05,/r/datasets/preprocessed/litsmc/lbd/spc_080_080_150_plan7/images/litqsmall_00001.pt
2.565742761362344e-05,/r/datasets/preprocessed/litsmc/lbd/spc_080_080_150_plan7/images/litqsmall_00001.pt
8.498899660480674e-06,/r/datasets/preprocessed/litsmc/lbd/spc_080_080_150_plan7/images/litqsmall_00000.pt
9.499210136709735e-06,/r/datasets/preprocessed/litsmc/lbd/spc_080_080_150_plan7/images/litqsmall_00000.pt
3.210972499800846e-05,/r/datasets/preprocessed/litsmc/lbd/spc_080_080_150_plan7/images/litqsmall_00027.pt
3.42341409123037e-05,/r/datasets/preprocessed/litsmc/lbd/spc_080_080_150_plan7/images/litqsmall_00027.pt
1.7946869775187224e-05,/r/datasets/preprocessed/litsmc/lbd/spc_080_080_150_plan7/images/litqsmall_00036.pt
2.5307170290034264e-05,/r/datasets/preprocessed/litsmc/lbd/spc_080_080_150_plan7/images/litqsmall_00036.pt
1.3896731616114266e-05,/r/datasets/preprocessed/litsmc/lbd/spc_080_080_150_plan7/images/litqsmall_00004.pt
7.94458628661232e-06,/r/datasets/preprocessed/litsmc/lbd/spc_080_080_150_plan7/images/litqsmall_00004.pt
3.050135774174123e-06,/r/datasets/preprocessed/litsmc/lbd/spc_080_080_150_plan7/images/litqsmall_00003.pt
2.1135734641575254e-05,/r/datasets/preprocessed/litsmc/lbd/spc_080_080_150_plan7/images/litqsmall_00003.pt
6.066894638934173e-05,/r/datasets/preprocessed/litsmc/lbd/spc_080_080_150_plan7/images/litqsmall_00037.pt
4.051644282299094e-05,/r/datasets/preprocessed/litsmc/lbd/spc_080_080_150_plan7/images/litqsmall_00037.pt
4.6830595238134265e-05,/r/datasets/preprocessed/litsmc/lbd/spc_080_080_150_plan7/images/litqsmall_00005.pt
2.8486612791311927e-05,/r/datasets/preprocessed/litsmc/lbd/spc_080_080_150_plan7/images/litqsmall_00005.pt
1.2745033927785698e-05,/r/datasets/preprocessed/litsmc/lbd/spc_080_080_150_plan7/images/litqsmall_00017.pt
2.7188660169485956e-05,/r/datasets/preprocessed/litsmc/lbd/spc_080_080_150_plan7/images/litqsmall_00017.pt
2.6530533432378434e-05,/r/datasets/preprocessed/litsmc/lbd/spc_080_080_150_plan7/images/litqsmall_00044.pt
1.7356485841446556e-05,/r/datasets/preprocessed/litsmc/lbd/spc_080_080_150_plan7/images/litqsmall_00044.pt
